Anno;Comune;Provincia;Numero alloggi
1971;AFFI;VERONA;39
1971;ALBAREDO D'ADIGE;VERONA;221
1971;ANGIARI;VERONA;67
1971;ARCOLE;VERONA;53
1971;BADIA CALAVENA;VERONA;358
1971;BARDOLINO;VERONA;1138
1971;BELFIORE;VERONA;30
1971;BEVILACQUA;VERONA;31
1971;BONAVIGO;VERONA;26
1971;BOSCHI SANT'ANNA;VERONA;24
1971;BOSCO CHIESANUOVA;VERONA;1079
1971;BOVOLONE;VERONA;83
1971;BRENTINO BELLUNO;VERONA;39
1971;BRENZONE;VERONA;419
1971;BUSSOLENGO;VERONA;142
1971;BUTTAPIETRA;VERONA;35
1971;CALDIERO;VERONA;99
1971;CAPRINO VERONESE;VERONA;332
1971;CASALEONE;VERONA;122
1971;CASTAGNARO;VERONA;147
1971;CASTEL D'AZZANO;VERONA;77
1971;CASTELNUOVO DEL GARDA;VERONA;245
1971;CAVAION VERONESE;VERONA;101
1971;CAZZANO DI TRAMIGNA;VERONA;20
1971;CEREA;VERONA;185
1971;CERRO VERONESE;VERONA;229
1971;COLOGNA VENETA;VERONA;313
1971;COLOGNOLA AI COLLI;VERONA;117
1971;CONCAMARISE;VERONA;53
1971;COSTERMANO SUL GARDA;VERONA;237
1971;DOLCE';VERONA;97
1971;ERBE';VERONA;30
1971;ERBEZZO;VERONA;43
1971;FERRARA DI MONTE BALDO;VERONA;191
1971;FUMANE;VERONA;160
1971;GARDA;VERONA;430
1971;GAZZO VERONESE;VERONA;230
1971;GREZZANA;VERONA;312
1971;ILLASI;VERONA;95
1971;ISOLA DELLA SCALA;VERONA;188
1971;ISOLA RIZZA;VERONA;61
1971;LAVAGNO;VERONA;118
1971;LAZISE;VERONA;416
1971;LEGNAGO;VERONA;376
1971;MALCESINE;VERONA;569
1971;MARANO DI VALPOLICELLA;VERONA;38
1971;MEZZANE DI SOTTO;VERONA;90
1971;MINERBE;VERONA;119
1971;MONTECCHIA DI CROSARA;VERONA;13
1971;MONTEFORTE D'ALPONE;VERONA;87
1971;MOZZECANE;VERONA;7
1971;NEGRAR;VERONA;233
1971;NOGARA;VERONA;116
1971;NOGAROLE ROCCA;VERONA;81
1971;OPPEANO;VERONA;162
1971;PALU';VERONA;55
1971;PASTRENGO;VERONA;23
1971;PESCANTINA;VERONA;138
1971;PESCHIERA DEL GARDA;VERONA;513
1971;POVEGLIANO VERONESE;VERONA;31
1971;PRESSANA;VERONA;96
1971;RIVOLI VERONESE;VERONA;46
1971;RONCA';VERONA;80
1971;RONCO ALL'ADIGE;VERONA;71
1971;ROVERCHIARA;VERONA;103
1971;ROVEREDO DI GUA';VERONA;61
1971;ROVERE' VERONESE;VERONA;83
1971;SALIZZOLE;VERONA;181
1971;SAN BONIFACIO;VERONA;211
1971;SAN GIOVANNI ILARIONE;VERONA;41
1971;SAN GIOVANNI LUPATOTO;VERONA;136
1971;SANGUINETTO;VERONA;45
1971;SAN MARTINO BUON ALBERGO;VERONA;140
1971;SAN MAURO DI SALINE;VERONA;70
1971;SAN PIETRO DI MORUBIO;VERONA;58
1971;SAN PIETRO IN CARIANO;VERONA;61
1971;SANT'AMBROGIO DI VALPOLICELLA;VERONA;99
1971;SANT'ANNA D'ALFAEDO;VERONA;260
1971;SAN ZENO DI MONTAGNA;VERONA;436
1971;SELVA DI PROGNO;VERONA;296
1971;SOAVE;VERONA;30
1971;SOMMACAMPAGNA;VERONA;186
1971;SONA;VERONA;191
1971;SORGA';VERONA;77
1971;TERRAZZO;VERONA;121
1971;TORRI DEL BENACO;VERONA;819
1971;TREGNAGO;VERONA;238
1971;TREVENZUOLO;VERONA;34
1971;VALEGGIO SUL MINCIO;VERONA;251
1971;VELO VERONESE;VERONA;58
1971;VERONA;VERONA;4660
1971;VERONELLA;VERONA;123
1971;VESTENANOVA;VERONA;15
1971;VIGASIO;VERONA;61
1971;VILLA BARTOLOMEA;VERONA;81
1971;VILLAFRANCA DI VERONA;VERONA;245
1971;ZEVIO;VERONA;120
1971;ZIMELLA;VERONA;109
1971;AGUGLIARO;VICENZA;33
1971;ALBETTONE;VICENZA;74
1971;ALONTE;VICENZA;17
1971;ALTAVILLA VICENTINA;VICENZA;109
1971;ALTISSIMO;VICENZA;91
1971;ARCUGNANO;VICENZA;288
1971;ARSIERO;VICENZA;96
1971;ARZIGNANO;VICENZA;296
1971;ASIAGO;VICENZA;1010
1971;ASIGLIANO VENETO;VICENZA;24
1971;BARBARANO VICENTINO;VICENZA;86
1971;BASSANO DEL GRAPPA;VICENZA;521
1971;BOLZANO VICENTINO;VICENZA;26
1971;BREGANZE;VICENZA;57
1971;BRENDOLA;VICENZA;146
1971;BRESSANVIDO;VICENZA;13
1971;BROGLIANO;VICENZA;52
1971;CALDOGNO;VICENZA;59
1971;CALTRANO;VICENZA;49
1971;CALVENE;VICENZA;42
1971;CAMISANO VICENTINO;VICENZA;86
1971;CAMPIGLIA DEI BERICI;VICENZA;29
1971;CAMPOLONGO SUL BRENTA;VICENZA;62
1971;CARRE';VICENZA;60
1971;CARTIGLIANO;VICENZA;35
1971;CASSOLA;VICENZA;174
1971;CASTEGNERO;VICENZA;32
1971;CASTELGOMBERTO;VICENZA;130
1971;CHIAMPO;VICENZA;140
1971;CHIUPPANO;VICENZA;46
1971;CISMON DEL GRAPPA;VICENZA;119
1971;COGOLLO DEL CENGIO;VICENZA;137
1971;CONCO;VICENZA;513
1971;CORNEDO VICENTINO;VICENZA;53
1971;COSTABISSARA;VICENZA;45
1971;CREAZZO;VICENZA;62
1971;CRESPADORO;VICENZA;109
1971;DUEVILLE;VICENZA;109
1971;ENEGO;VICENZA;391
1971;FARA VICENTINO;VICENZA;119
1971;FOZA;VICENZA;139
1971;GALLIO;VICENZA;159
1971;GAMBELLARA;VICENZA;46
1971;GAMBUGLIANO;VICENZA;39
1971;GRANCONA;VICENZA;88
1971;GRISIGNANO DI ZOCCO;VICENZA;32
1971;GRUMOLO DELLE ABBADESSE;VICENZA;32
1971;ISOLA VICENTINA;VICENZA;105
1971;LAGHI;VICENZA;85
1971;LASTEBASSE;VICENZA;87
1971;LONGARE;VICENZA;38
1971;LONIGO;VICENZA;83
1971;LUGO DI VICENZA;VICENZA;63
1971;LUSIANA;VICENZA;464
1971;MALO;VICENZA;109
1971;MARANO VICENTINO;VICENZA;18
1971;MAROSTICA;VICENZA;263
1971;MASON VICENTINO;VICENZA;73
1971;MOLVENA;VICENZA;46
1971;MONTEBELLO VICENTINO;VICENZA;112
1971;MONTECCHIO MAGGIORE;VICENZA;175
1971;MONTECCHIO PRECALCINO;VICENZA;26
1971;MONTE DI MALO;VICENZA;150
1971;MONTEGALDA;VICENZA;58
1971;MONTEGALDELLA;VICENZA;3
1971;MONTEVIALE;VICENZA;37
1971;MONTICELLO CONTE OTTO;VICENZA;57
1971;MONTORSO VICENTINO;VICENZA;61
1971;MOSSANO;VICENZA;26
1971;MUSSOLENTE;VICENZA;56
1971;NANTO;VICENZA;73
1971;NOGAROLE VICENTINO;VICENZA;28
1971;NOVE;VICENZA;66
1971;NOVENTA VICENTINA;VICENZA;183
1971;ORGIANO;VICENZA;116
1971;PEDEMONTE;VICENZA;47
1971;PIANEZZE;VICENZA;17
1971;PIOVENE ROCCHETTE;VICENZA;105
1971;POIANA MAGGIORE;VICENZA;99
1971;POSINA;VICENZA;353
1971;POVE DEL GRAPPA;VICENZA;148
1971;POZZOLEONE;VICENZA;16
1971;QUINTO VICENTINO;VICENZA;40
1971;RECOARO TERME;VICENZA;560
1971;ROANA;VICENZA;998
1971;ROMANO D'EZZELINO;VICENZA;161
1971;ROSA';VICENZA;66
1971;ROSSANO VENETO;VICENZA;74
1971;ROTZO;VICENZA;81
1971;SALCEDO;VICENZA;60
1971;SANDRIGO;VICENZA;52
1971;SAN GERMANO DEI BERICI;VICENZA;62
1971;SAN NAZARIO;VICENZA;223
1971;SAN PIETRO MUSSOLINO;VICENZA;38
1971;SANTORSO;VICENZA;96
1971;SAN VITO DI LEGUZZANO;VICENZA;11
1971;SARCEDO;VICENZA;14
1971;SAREGO;VICENZA;105
1971;SCHIAVON;VICENZA;1
1971;SCHIO;VICENZA;963
1971;SOLAGNA;VICENZA;164
1971;SOSSANO;VICENZA;56
1971;SOVIZZO;VICENZA;80
1971;TEZZE SUL BRENTA;VICENZA;64
1971;THIENE;VICENZA;288
1971;TONEZZA DEL CIMONE;VICENZA;221
1971;TORREBELVICINO;VICENZA;42
1971;TORRI DI QUARTESOLO;VICENZA;50
1971;TRISSINO;VICENZA;39
1971;VALDAGNO;VICENZA;447
1971;VALDASTICO;VICENZA;161
1971;VALLI DEL PASUBIO;VICENZA;225
1971;VALSTAGNA;VICENZA;195
1971;VELO D'ASTICO;VICENZA;146
1971;VICENZA;VICENZA;2703
1971;VILLAGA;VICENZA;88
1971;VILLAVERLA;VICENZA;5
1971;ZANE';VICENZA;54
1971;ZERMEGHEDO;VICENZA;29
1971;ZOVENCEDO;VICENZA;21
1971;ZUGLIANO;VICENZA;17
1971;AGORDO;BELLUNO;228
1971;ALANO DI PIAVE;BELLUNO;299
1971;ALLEGHE;BELLUNO;245
1971;ARSIE';BELLUNO;395
1971;AURONZO DI CADORE;BELLUNO;494
1971;BELLUNO;BELLUNO;880
1971;BORCA DI CADORE;BELLUNO;550
1971;CALALZO DI CADORE;BELLUNO;269
1971;CASTELLO LAVAZZO;BELLUNO;127
1971;CENCENIGHE AGORDINO;BELLUNO;76
1971;CESIOMAGGIORE;BELLUNO;255
1971;CHIES D'ALPAGO;BELLUNO;119
1971;CIBIANA DI CADORE;BELLUNO;129
1971;COLLE SANTA LUCIA;BELLUNO;34
1971;COMELICO SUPERIORE;BELLUNO;214
1971;CORTINA D'AMPEZZO;BELLUNO;2703
1971;DANTA DI CADORE;BELLUNO;41
1971;DOMEGGE DI CADORE;BELLUNO;97
1971;FALCADE;BELLUNO;766
1971;FARRA D'ALPAGO;BELLUNO;152
1971;FELTRE;BELLUNO;778
1971;FONZASO;BELLUNO;364
1971;CANALE D'AGORDO;BELLUNO;209
1971;FORNO DI ZOLDO;BELLUNO;299
1971;GOSALDO;BELLUNO;117
1971;LAMON;BELLUNO;654
1971;LA VALLE AGORDINA;BELLUNO;149
1971;LENTIAI;BELLUNO;265
1971;LIMANA;BELLUNO;185
1971;LIVINALLONGO DEL COL DI LANA;BELLUNO;92
1971;LONGARONE;BELLUNO;160
1971;LORENZAGO DI CADORE;BELLUNO;188
1971;LOZZO DI CADORE;BELLUNO;103
1971;MEL;BELLUNO;511
1971;OSPITALE DI CADORE;BELLUNO;61
1971;PEDAVENA;BELLUNO;234
1971;PERAROLO DI CADORE;BELLUNO;134
1971;PIEVE D'ALPAGO;BELLUNO;254
1971;PIEVE DI CADORE;BELLUNO;608
1971;PONTE NELLE ALPI;BELLUNO;282
1971;PUOS D'ALPAGO;BELLUNO;185
1971;QUERO;BELLUNO;136
1971;RIVAMONTE AGORDINO;BELLUNO;205
1971;ROCCA PIETORE;BELLUNO;116
1971;SAN GREGORIO NELLE ALPI;BELLUNO;151
1971;SAN NICOLO' DI COMELICO;BELLUNO;55
1971;SAN PIETRO DI CADORE;BELLUNO;92
1971;SANTA GIUSTINA;BELLUNO;272
1971;SAN TOMASO AGORDINO;BELLUNO;136
1971;SANTO STEFANO DI CADORE;BELLUNO;88
1971;SAN VITO DI CADORE;BELLUNO;572
1971;SAPPADA;BELLUNO;246
1971;SEDICO;BELLUNO;355
1971;SELVA DI CADORE;BELLUNO;175
1971;SEREN DEL GRAPPA;BELLUNO;311
1971;SOSPIROLO;BELLUNO;288
1971;SOVERZENE;BELLUNO;8
1971;SOVRAMONTE;BELLUNO;417
1971;TAIBON AGORDINO;BELLUNO;120
1971;TAMBRE;BELLUNO;299
1971;TRICHIANA;BELLUNO;282
1971;VALLADA AGORDINA;BELLUNO;125
1971;VALLE DI CADORE;BELLUNO;167
1971;VAS;BELLUNO;59
1971;VIGO DI CADORE;BELLUNO;216
1971;VODO CADORE;BELLUNO;120
1971;VOLTAGO AGORDINO;BELLUNO;208
1971;ZOLDO ALTO;BELLUNO;310
1971;ZOPPE' DI CADORE;BELLUNO;60
1971;ALTIVOLE;TREVISO;40
1971;ARCADE;TREVISO;49
1971;ASOLO;TREVISO;35
1971;BORSO DEL GRAPPA;TREVISO;164
1971;BREDA DI PIAVE;TREVISO;74
1971;CAERANO DI SAN MARCO;TREVISO;93
1971;CAPPELLA MAGGIORE;TREVISO;52
1971;CARBONERA;TREVISO;71
1971;CASALE SUL SILE;TREVISO;70
1971;CASIER;TREVISO;49
1971;CASTELCUCCO;TREVISO;40
1971;CASTELFRANCO VENETO;TREVISO;332
1971;CASTELLO DI GODEGO;TREVISO;52
1971;CAVASO DEL TOMBA;TREVISO;132
1971;CESSALTO;TREVISO;34
1971;CHIARANO;TREVISO;29
1971;CIMADOLMO;TREVISO;68
1971;CISON DI VALMARINO;TREVISO;300
1971;CODOGNE';TREVISO;91
1971;COLLE UMBERTO;TREVISO;138
1971;CONEGLIANO;TREVISO;971
1971;CORDIGNANO;TREVISO;106
1971;CORNUDA;TREVISO;167
1971;CRESPANO DEL GRAPPA;TREVISO;158
1971;CROCETTA DEL MONTELLO;TREVISO;202
1971;FARRA DI SOLIGO;TREVISO;278
1971;FOLLINA;TREVISO;132
1971;FONTANELLE;TREVISO;54
1971;FONTE;TREVISO;86
1971;FREGONA;TREVISO;209
1971;GAIARINE;TREVISO;117
1971;GIAVERA DEL MONTELLO;TREVISO;122
1971;GODEGA DI SANT'URBANO;TREVISO;108
1971;GORGO AL MONTICANO;TREVISO;89
1971;ISTRANA;TREVISO;76
1971;LORIA;TREVISO;35
1971;MANSUE';TREVISO;77
1971;MARENO DI PIAVE;TREVISO;72
1971;MASER;TREVISO;62
1971;MASERADA SUL PIAVE;TREVISO;61
1971;MEDUNA DI LIVENZA;TREVISO;19
1971;MIANE;TREVISO;105
1971;MOGLIANO VENETO;TREVISO;209
1971;MONASTIER DI TREVISO;TREVISO;40
1971;MONFUMO;TREVISO;45
1971;MONTEBELLUNA;TREVISO;328
1971;MORGANO;TREVISO;15
1971;MORIAGO DELLA BATTAGLIA;TREVISO;119
1971;MOTTA DI LIVENZA;TREVISO;68
1971;NERVESA DELLA BATTAGLIA;TREVISO;154
1971;ODERZO;TREVISO;386
1971;ORMELLE;TREVISO;48
1971;ORSAGO;TREVISO;33
1971;PADERNO DEL GRAPPA;TREVISO;141
1971;PAESE;TREVISO;38
1971;PEDEROBBA;TREVISO;147
1971;PIEVE DI SOLIGO;TREVISO;210
1971;PONTE DI PIAVE;TREVISO;30
1971;PONZANO VENETO;TREVISO;107
1971;PORTOBUFFOLE';TREVISO;14
1971;POSSAGNO;TREVISO;105
1971;POVEGLIANO;TREVISO;51
1971;PREGANZIOL;TREVISO;88
1971;QUINTO DI TREVISO;TREVISO;12
1971;REFRONTOLO;TREVISO;41
1971;RESANA;TREVISO;14
1971;REVINE LAGO;TREVISO;196
1971;RIESE PIO X;TREVISO;53
1971;RONCADE;TREVISO;217
1971;SALGAREDA;TREVISO;1
1971;SAN BIAGIO DI CALLALTA;TREVISO;119
1971;SAN FIOR;TREVISO;52
1971;SAN PIETRO DI FELETTO;TREVISO;183
1971;SAN POLO DI PIAVE;TREVISO;16
1971;SANTA LUCIA DI PIAVE;TREVISO;80
1971;SAN VENDEMIANO;TREVISO;91
1971;SAN ZENONE DEGLI EZZELINI;TREVISO;63
1971;SARMEDE;TREVISO;143
1971;SEGUSINO;TREVISO;184
1971;SERNAGLIA DELLA BATTAGLIA;TREVISO;89
1971;SILEA;TREVISO;61
1971;SPRESIANO;TREVISO;116
1971;SUSEGANA;TREVISO;147
1971;TARZO;TREVISO;203
1971;TREVIGNANO;TREVISO;66
1971;TREVISO;TREVISO;1191
1971;VALDOBBIADENE;TREVISO;413
1971;VAZZOLA;TREVISO;53
1971;VEDELAGO;TREVISO;164
1971;VIDOR;TREVISO;105
1971;VILLORBA;TREVISO;118
1971;VITTORIO VENETO;TREVISO;759
1971;VOLPAGO DEL MONTELLO;TREVISO;160
1971;ZENSON DI PIAVE;TREVISO;10
1971;ZERO BRANCO;TREVISO;69
1971;ANNONE VENETO;CITTA' METROPOLITANA DI VENEZIA;29
1971;CAMPAGNA LUPIA;CITTA' METROPOLITANA DI VENEZIA;61
1971;CAMPOLONGO MAGGIORE;CITTA' METROPOLITANA DI VENEZIA;68
1971;CAMPONOGARA;CITTA' METROPOLITANA DI VENEZIA;63
1971;CAORLE;CITTA' METROPOLITANA DI VENEZIA;2752
1971;CAVARZERE;CITTA' METROPOLITANA DI VENEZIA;237
1971;CEGGIA;CITTA' METROPOLITANA DI VENEZIA;53
1971;CHIOGGIA;CITTA' METROPOLITANA DI VENEZIA;2085
1971;CINTO CAOMAGGIORE;CITTA' METROPOLITANA DI VENEZIA;81
1971;CONA;CITTA' METROPOLITANA DI VENEZIA;75
1971;CONCORDIA SAGITTARIA;CITTA' METROPOLITANA DI VENEZIA;57
1971;DOLO;CITTA' METROPOLITANA DI VENEZIA;167
1971;ERACLEA;CITTA' METROPOLITANA DI VENEZIA;807
1971;FIESSO D'ARTICO;CITTA' METROPOLITANA DI VENEZIA;98
1971;FOSSALTA DI PIAVE;CITTA' METROPOLITANA DI VENEZIA;36
1971;FOSSALTA DI PORTOGRUARO;CITTA' METROPOLITANA DI VENEZIA;122
1971;FOSSO';CITTA' METROPOLITANA DI VENEZIA;31
1971;GRUARO;CITTA' METROPOLITANA DI VENEZIA;38
1971;IESOLO;CITTA' METROPOLITANA DI VENEZIA;9627
1971;MARCON;CITTA' METROPOLITANA DI VENEZIA;23
1971;MARTELLAGO;CITTA' METROPOLITANA DI VENEZIA;40
1971;MEOLO;CITTA' METROPOLITANA DI VENEZIA;79
1971;MIRA;CITTA' METROPOLITANA DI VENEZIA;276
1971;MIRANO;CITTA' METROPOLITANA DI VENEZIA;231
1971;MUSILE DI PIAVE;CITTA' METROPOLITANA DI VENEZIA;53
1971;NOALE;CITTA' METROPOLITANA DI VENEZIA;73
1971;NOVENTA DI PIAVE;CITTA' METROPOLITANA DI VENEZIA;64
1971;PIANIGA;CITTA' METROPOLITANA DI VENEZIA;21
1971;PORTOGRUARO;CITTA' METROPOLITANA DI VENEZIA;503
1971;PRAMAGGIORE;CITTA' METROPOLITANA DI VENEZIA;24
1971;QUARTO D'ALTINO;CITTA' METROPOLITANA DI VENEZIA;96
1971;SALZANO;CITTA' METROPOLITANA DI VENEZIA;35
1971;SAN DONA' DI PIAVE;CITTA' METROPOLITANA DI VENEZIA;535
1971;SAN MICHELE AL TAGLIAMENTO;CITTA' METROPOLITANA DI VENEZIA;6809
1971;SANTA MARIA DI SALA;CITTA' METROPOLITANA DI VENEZIA;65
1971;SANTO STINO DI LIVENZA;CITTA' METROPOLITANA DI VENEZIA;147
1971;SCORZE';CITTA' METROPOLITANA DI VENEZIA;31
1971;SPINEA;CITTA' METROPOLITANA DI VENEZIA;279
1971;STRA;CITTA' METROPOLITANA DI VENEZIA;121
1971;TEGLIO VENETO;CITTA' METROPOLITANA DI VENEZIA;51
1971;TORRE DI MOSTO;CITTA' METROPOLITANA DI VENEZIA;104
1971;VENEZIA;CITTA' METROPOLITANA DI VENEZIA;5035
1971;VENEZIA;CITTA' METROPOLITANA DI VENEZIA;5035
1971;VIGONOVO;CITTA' METROPOLITANA DI VENEZIA;63
1971;ABANO TERME;PADOVA;86
1971;AGNA;PADOVA;51
1971;ALBIGNASEGO;PADOVA;148
1971;ANGUILLARA VENETA;PADOVA;58
1971;ARQUA' PETRARCA;PADOVA;92
1971;ARRE;PADOVA;31
1971;ARZERGRANDE;PADOVA;69
1971;BAGNOLI DI SOPRA;PADOVA;35
1971;BAONE;PADOVA;60
1971;BARBONA;PADOVA;37
1971;BATTAGLIA TERME;PADOVA;30
1971;BOARA PISANI;PADOVA;79
1971;BORGORICCO;PADOVA;68
1971;BOVOLENTA;PADOVA;20
1971;BRUGINE;PADOVA;33
1971;CADONEGHE;PADOVA;79
1971;CAMPODARSEGO;PADOVA;58
1971;CAMPODORO;PADOVA;4
1971;CAMPOSAMPIERO;PADOVA;97
1971;CAMPO SAN MARTINO;PADOVA;46
1971;CANDIANA;PADOVA;30
1971;CARCERI;PADOVA;31
1971;CARMIGNANO DI BRENTA;PADOVA;59
1971;CARRARA SAN GIORGIO;PADOVA;25
1971;CARRARA SANTO STEFANO;PADOVA;54
1971;CARTURA;PADOVA;42
1971;CASALE DI SCODOSIA;PADOVA;51
1971;CASALSERUGO;PADOVA;24
1971;CASTELBALDO;PADOVA;65
1971;CERVARESE SANTA CROCE;PADOVA;55
1971;CINTO EUGANEO;PADOVA;41
1971;CITTADELLA;PADOVA;162
1971;CODEVIGO;PADOVA;137
1971;CONSELVE;PADOVA;42
1971;CORREZZOLA;PADOVA;206
1971;CURTAROLO;PADOVA;39
1971;ESTE;PADOVA;197
1971;FONTANIVA;PADOVA;55
1971;GALLIERA VENETA;PADOVA;53
1971;GALZIGNANO TERME;PADOVA;77
1971;GAZZO;PADOVA;33
1971;GRANTORTO;PADOVA;45
1971;GRANZE;PADOVA;35
1971;LEGNARO;PADOVA;29
1971;LIMENA;PADOVA;78
1971;LOREGGIA;PADOVA;8
1971;LOZZO ATESTINO;PADOVA;38
1971;MASERA' DI PADOVA;PADOVA;56
1971;MASI;PADOVA;42
1971;MASSANZAGO;PADOVA;19
1971;MEGLIADINO SAN FIDENZIO;PADOVA;71
1971;MEGLIADINO SAN VITALE;PADOVA;53
1971;MERLARA;PADOVA;66
1971;MESTRINO;PADOVA;33
1971;MONSELICE;PADOVA;113
1971;MONTAGNANA;PADOVA;236
1971;MONTEGROTTO TERME;PADOVA;146
1971;NOVENTA PADOVANA;PADOVA;67
1971;OSPEDALETTO EUGANEO;PADOVA;78
1971;PADOVA;PADOVA;6461
1971;PERNUMIA;PADOVA;31
1971;PIACENZA D'ADIGE;PADOVA;76
1971;PIAZZOLA SUL BRENTA;PADOVA;52
1971;PIOMBINO DESE;PADOVA;47
1971;PIOVE DI SACCO;PADOVA;121
1971;POLVERARA;PADOVA;24
1971;PONSO;PADOVA;98
1971;PONTELONGO;PADOVA;48
1971;PONTE SAN NICOLO';PADOVA;24
1971;POZZONOVO;PADOVA;21
1971;ROVOLON;PADOVA;98
1971;RUBANO;PADOVA;21
1971;SACCOLONGO;PADOVA;14
1971;SALETTO;PADOVA;73
1971;SAN GIORGIO DELLE PERTICHE;PADOVA;28
1971;SAN GIORGIO IN BOSCO;PADOVA;22
1971;SAN MARTINO DI LUPARI;PADOVA;46
1971;SAN PIETRO IN GU;PADOVA;36
1971;SAN PIETRO VIMINARIO;PADOVA;65
1971;SANTA GIUSTINA IN COLLE;PADOVA;72
1971;SANTA MARGHERITA D'ADIGE;PADOVA;100
1971;SANT'ANGELO DI PIOVE DI SACCO;PADOVA;26
1971;SANT'ELENA;PADOVA;39
1971;SANT'URBANO;PADOVA;89
1971;SAONARA;PADOVA;60
1971;SELVAZZANO DENTRO;PADOVA;128
1971;SOLESINO;PADOVA;146
1971;STANGHELLA;PADOVA;36
1971;TEOLO;PADOVA;283
1971;TERRASSA PADOVANA;PADOVA;20
1971;TOMBOLO;PADOVA;60
1971;TORREGLIA;PADOVA;90
1971;TREBASELEGHE;PADOVA;62
1971;TRIBANO;PADOVA;102
1971;URBANA;PADOVA;74
1971;VEGGIANO;PADOVA;44
1971;VESCOVANA;PADOVA;40
1971;VIGHIZZOLO D'ESTE;PADOVA;17
1971;VIGODARZERE;PADOVA;84
1971;VIGONZA;PADOVA;45
1971;VILLA DEL CONTE;PADOVA;60
1971;VILLA ESTENSE;PADOVA;42
1971;VILLAFRANCA PADOVANA;PADOVA;24
1971;VILLANOVA DI CAMPOSAMPIERO;PADOVA;34
1971;VO;PADOVA;118
1971;ADRIA;ROVIGO;243
1971;ARIANO NEL POLESINE;ROVIGO;170
1971;ARQUA' POLESINE;ROVIGO;76
1971;BADIA POLESINE;ROVIGO;274
1971;BAGNOLO DI PO;ROVIGO;24
1971;BERGANTINO;ROVIGO;81
1971;BOSARO;ROVIGO;48
1971;CALTO;ROVIGO;50
1971;CANARO;ROVIGO;63
1971;CANDA;ROVIGO;34
1971;CASTELGUGLIELMO;ROVIGO;43
1971;CASTELMASSA;ROVIGO;56
1971;CASTELNOVO BARIANO;ROVIGO;62
1971;CENESELLI;ROVIGO;73
1971;CEREGNANO;ROVIGO;186
1971;CONTARINA;ROVIGO;38
1971;CORBOLA;ROVIGO;132
1971;COSTA DI ROVIGO;ROVIGO;25
1971;CRESPINO;ROVIGO;150
1971;DONADA;ROVIGO;252
1971;FICAROLO;ROVIGO;63
1971;FIESSO UMBERTIANO;ROVIGO;161
1971;FRASSINELLE POLESINE;ROVIGO;79
1971;FRATTA POLESINE;ROVIGO;26
1971;GAIBA;ROVIGO;74
1971;GAVELLO;ROVIGO;39
1971;GIACCIANO CON BARUCHELLA;ROVIGO;81
1971;GUARDA VENETA;ROVIGO;43
1971;LENDINARA;ROVIGO;85
1971;LOREO;ROVIGO;51
1971;LUSIA;ROVIGO;78
1971;MELARA;ROVIGO;128
1971;OCCHIOBELLO;ROVIGO;122
1971;PAPOZZE;ROVIGO;96
1971;PETTORAZZA GRIMANI;ROVIGO;40
1971;PINCARA;ROVIGO;57
1971;POLESELLA;ROVIGO;142
1971;PONTECCHIO POLESINE;ROVIGO;52
1971;PORTO TOLLE;ROVIGO;71
1971;ROSOLINA;ROVIGO;1233
1971;ROVIGO;ROVIGO;562
1971;SALARA;ROVIGO;41
1971;SAN BELLINO;ROVIGO;44
1971;SAN MARTINO DI VENEZZE;ROVIGO;41
1971;STIENTA;ROVIGO;78
1971;TAGLIO DI PO;ROVIGO;61
1971;TRECENTA;ROVIGO;93
1971;VILLADOSE;ROVIGO;140
1971;VILLAMARZANA;ROVIGO;88
1971;VILLANOVA DEL GHEBBO;ROVIGO;110
1971;VILLANOVA MARCHESANA;ROVIGO;48
1981;AFFI;VERONA;137
1981;ALBAREDO D'ADIGE;VERONA;121
1981;ANGIARI;VERONA;79
1981;ARCOLE;VERONA;96
1981;BADIA CALAVENA;VERONA;665
1981;BARDOLINO;VERONA;2581
1981;BELFIORE;VERONA;65
1981;BEVILACQUA;VERONA;32
1981;BONAVIGO;VERONA;33
1981;BOSCHI SANT'ANNA;VERONA;96
1981;BOSCO CHIESANUOVA;VERONA;2654
1981;BOVOLONE;VERONA;146
1981;BRENTINO BELLUNO;VERONA;93
1981;BRENZONE;VERONA;917
1981;BUSSOLENGO;VERONA;408
1981;BUTTAPIETRA;VERONA;67
1981;CALDIERO;VERONA;274
1981;CAPRINO VERONESE;VERONA;690
1981;CASALEONE;VERONA;183
1981;CASTAGNARO;VERONA;109
1981;CASTEL D'AZZANO;VERONA;283
1981;CASTELNUOVO DEL GARDA;VERONA;525
1981;CAVAION VERONESE;VERONA;458
1981;CAZZANO DI TRAMIGNA;VERONA;115
1981;CEREA;VERONA;333
1981;CERRO VERONESE;VERONA;859
1981;COLOGNA VENETA;VERONA;204
1981;COLOGNOLA AI COLLI;VERONA;312
1981;CONCAMARISE;VERONA;50
1981;COSTERMANO SUL GARDA;VERONA;557
1981;DOLCE';VERONA;146
1981;ERBE';VERONA;107
1981;ERBEZZO;VERONA;544
1981;FERRARA DI MONTE BALDO;VERONA;462
1981;FUMANE;VERONA;382
1981;GARDA;VERONA;1014
1981;GAZZO VERONESE;VERONA;172
1981;GREZZANA;VERONA;666
1981;ILLASI;VERONA;283
1981;ISOLA DELLA SCALA;VERONA;177
1981;ISOLA RIZZA;VERONA;71
1981;LAVAGNO;VERONA;138
1981;LAZISE;VERONA;1049
1981;LEGNAGO;VERONA;576
1981;MALCESINE;VERONA;1305
1981;MARANO DI VALPOLICELLA;VERONA;164
1981;MEZZANE DI SOTTO;VERONA;136
1981;MINERBE;VERONA;167
1981;MONTECCHIA DI CROSARA;VERONA;75
1981;MONTEFORTE D'ALPONE;VERONA;259
1981;MOZZECANE;VERONA;82
1981;NEGRAR;VERONA;629
1981;NOGARA;VERONA;346
1981;NOGAROLE ROCCA;VERONA;106
1981;OPPEANO;VERONA;186
1981;PALU';VERONA;51
1981;PASTRENGO;VERONA;79
1981;PESCANTINA;VERONA;267
1981;PESCHIERA DEL GARDA;VERONA;1931
1981;POVEGLIANO VERONESE;VERONA;97
1981;PRESSANA;VERONA;64
1981;RIVOLI VERONESE;VERONA;120
1981;RONCA';VERONA;316
1981;RONCO ALL'ADIGE;VERONA;186
1981;ROVERCHIARA;VERONA;156
1981;ROVEREDO DI GUA';VERONA;28
1981;ROVERE' VERONESE;VERONA;502
1981;SALIZZOLE;VERONA;141
1981;SAN BONIFACIO;VERONA;555
1981;SAN GIOVANNI ILARIONE;VERONA;171
1981;SAN GIOVANNI LUPATOTO;VERONA;315
1981;SANGUINETTO;VERONA;85
1981;SAN MARTINO BUON ALBERGO;VERONA;305
1981;SAN MAURO DI SALINE;VERONA;200
1981;SAN PIETRO DI MORUBIO;VERONA;15
1981;SAN PIETRO IN CARIANO;VERONA;261
1981;SANT'AMBROGIO DI VALPOLICELLA;VERONA;246
1981;SANT'ANNA D'ALFAEDO;VERONA;436
1981;SAN ZENO DI MONTAGNA;VERONA;1109
1981;SELVA DI PROGNO;VERONA;530
1981;SOAVE;VERONA;119
1981;SOMMACAMPAGNA;VERONA;264
1981;SONA;VERONA;470
1981;SORGA';VERONA;190
1981;TERRAZZO;VERONA;73
1981;TORRI DEL BENACO;VERONA;2002
1981;TREGNAGO;VERONA;409
1981;TREVENZUOLO;VERONA;39
1981;VALEGGIO SUL MINCIO;VERONA;395
1981;VELO VERONESE;VERONA;244
1981;VERONA;VERONA;7979
1981;VERONELLA;VERONA;169
1981;VESTENANOVA;VERONA;204
1981;VIGASIO;VERONA;256
1981;VILLA BARTOLOMEA;VERONA;150
1981;VILLAFRANCA DI VERONA;VERONA;592
1981;ZEVIO;VERONA;310
1981;ZIMELLA;VERONA;116
1981;AGUGLIARO;VICENZA;63
1981;ALBETTONE;VICENZA;137
1981;ALONTE;VICENZA;49
1981;ALTAVILLA VICENTINA;VICENZA;300
1981;ALTISSIMO;VICENZA;106
1981;ARCUGNANO;VICENZA;423
1981;ARSIERO;VICENZA;252
1981;ARZIGNANO;VICENZA;631
1981;ASIAGO;VICENZA;2615
1981;ASIGLIANO VENETO;VICENZA;29
1981;BARBARANO VICENTINO;VICENZA;95
1981;BASSANO DEL GRAPPA;VICENZA;1409
1981;BOLZANO VICENTINO;VICENZA;84
1981;BREGANZE;VICENZA;162
1981;BRENDOLA;VICENZA;259
1981;BRESSANVIDO;VICENZA;53
1981;BROGLIANO;VICENZA;165
1981;CALDOGNO;VICENZA;217
1981;CALTRANO;VICENZA;110
1981;CALVENE;VICENZA;128
1981;CAMISANO VICENTINO;VICENZA;263
1981;CAMPIGLIA DEI BERICI;VICENZA;56
1981;CAMPOLONGO SUL BRENTA;VICENZA;153
1981;CARRE';VICENZA;70
1981;CARTIGLIANO;VICENZA;119
1981;CASSOLA;VICENZA;308
1981;CASTEGNERO;VICENZA;80
1981;CASTELGOMBERTO;VICENZA;205
1981;CHIAMPO;VICENZA;241
1981;CHIUPPANO;VICENZA;60
1981;CISMON DEL GRAPPA;VICENZA;393
1981;COGOLLO DEL CENGIO;VICENZA;327
1981;CONCO;VICENZA;1463
1981;CORNEDO VICENTINO;VICENZA;241
1981;COSTABISSARA;VICENZA;90
1981;CREAZZO;VICENZA;232
1981;CRESPADORO;VICENZA;367
1981;DUEVILLE;VICENZA;343
1981;ENEGO;VICENZA;1316
1981;FARA VICENTINO;VICENZA;186
1981;FOZA;VICENZA;315
1981;GALLIO;VICENZA;2414
1981;GAMBELLARA;VICENZA;91
1981;GAMBUGLIANO;VICENZA;81
1981;GRANCONA;VICENZA;191
1981;GRISIGNANO DI ZOCCO;VICENZA;87
1981;GRUMOLO DELLE ABBADESSE;VICENZA;118
1981;ISOLA VICENTINA;VICENZA;164
1981;LAGHI;VICENZA;156
1981;LASTEBASSE;VICENZA;123
1981;LONGARE;VICENZA;176
1981;LONIGO;VICENZA;476
1981;LUGO DI VICENZA;VICENZA;118
1981;LUSIANA;VICENZA;1014
1981;MALO;VICENZA;272
1981;MARANO VICENTINO;VICENZA;120
1981;MAROSTICA;VICENZA;622
1981;MASON VICENTINO;VICENZA;156
1981;MOLVENA;VICENZA;100
1981;MONTEBELLO VICENTINO;VICENZA;295
1981;MONTECCHIO MAGGIORE;VICENZA;450
1981;MONTECCHIO PRECALCINO;VICENZA;85
1981;MONTE DI MALO;VICENZA;145
1981;MONTEGALDA;VICENZA;68
1981;MONTEGALDELLA;VICENZA;69
1981;MONTEVIALE;VICENZA;76
1981;MONTICELLO CONTE OTTO;VICENZA;290
1981;MONTORSO VICENTINO;VICENZA;131
1981;MOSSANO;VICENZA;138
1981;MUSSOLENTE;VICENZA;167
1981;NANTO;VICENZA;122
1981;NOGAROLE VICENTINO;VICENZA;101
1981;NOVE;VICENZA;29
1981;NOVENTA VICENTINA;VICENZA;331
1981;ORGIANO;VICENZA;129
1981;PEDEMONTE;VICENZA;101
1981;PIANEZZE;VICENZA;31
1981;PIOVENE ROCCHETTE;VICENZA;262
1981;POIANA MAGGIORE;VICENZA;383
1981;POSINA;VICENZA;337
1981;POVE DEL GRAPPA;VICENZA;136
1981;POZZOLEONE;VICENZA;27
1981;QUINTO VICENTINO;VICENZA;92
1981;RECOARO TERME;VICENZA;954
1981;ROANA;VICENZA;4138
1981;ROMANO D'EZZELINO;VICENZA;411
1981;ROSA';VICENZA;356
1981;ROSSANO VENETO;VICENZA;79
1981;ROTZO;VICENZA;266
1981;SALCEDO;VICENZA;95
1981;SANDRIGO;VICENZA;119
1981;SAN GERMANO DEI BERICI;VICENZA;132
1981;SAN NAZARIO;VICENZA;406
1981;SAN PIETRO MUSSOLINO;VICENZA;109
1981;SANTORSO;VICENZA;131
1981;SAN VITO DI LEGUZZANO;VICENZA;77
1981;SARCEDO;VICENZA;109
1981;SAREGO;VICENZA;237
1981;SCHIAVON;VICENZA;41
1981;SCHIO;VICENZA;1299
1981;SOLAGNA;VICENZA;212
1981;SOSSANO;VICENZA;111
1981;SOVIZZO;VICENZA;174
1981;TEZZE SUL BRENTA;VICENZA;149
1981;THIENE;VICENZA;715
1981;TONEZZA DEL CIMONE;VICENZA;1413
1981;TORREBELVICINO;VICENZA;111
1981;TORRI DI QUARTESOLO;VICENZA;456
1981;TRISSINO;VICENZA;241
1981;VALDAGNO;VICENZA;1008
1981;VALDASTICO;VICENZA;254
1981;VALLI DEL PASUBIO;VICENZA;625
1981;VALSTAGNA;VICENZA;463
1981;VELO D'ASTICO;VICENZA;260
1981;VICENZA;VICENZA;3932
1981;VILLAGA;VICENZA;157
1981;VILLAVERLA;VICENZA;138
1981;ZANE';VICENZA;101
1981;ZERMEGHEDO;VICENZA;27
1981;ZOVENCEDO;VICENZA;120
1981;ZUGLIANO;VICENZA;139
1981;AGORDO;BELLUNO;506
1981;ALANO DI PIAVE;BELLUNO;399
1981;ALLEGHE;BELLUNO;549
1981;ARSIE';BELLUNO;963
1981;AURONZO DI CADORE;BELLUNO;1702
1981;BELLUNO;BELLUNO;2977
1981;BORCA DI CADORE;BELLUNO;757
1981;CALALZO DI CADORE;BELLUNO;453
1981;CASTELLO LAVAZZO;BELLUNO;144
1981;CENCENIGHE AGORDINO;BELLUNO;344
1981;CESIOMAGGIORE;BELLUNO;506
1981;CHIES D'ALPAGO;BELLUNO;291
1981;CIBIANA DI CADORE;BELLUNO;219
1981;COLLE SANTA LUCIA;BELLUNO;118
1981;COMELICO SUPERIORE;BELLUNO;479
1981;CORTINA D'AMPEZZO;BELLUNO;3582
1981;DANTA DI CADORE;BELLUNO;81
1981;DOMEGGE DI CADORE;BELLUNO;375
1981;FALCADE;BELLUNO;1320
1981;FARRA D'ALPAGO;BELLUNO;458
1981;FELTRE;BELLUNO;1354
1981;FONZASO;BELLUNO;427
1981;CANALE D'AGORDO;BELLUNO;527
1981;FORNO DI ZOLDO;BELLUNO;503
1981;GOSALDO;BELLUNO;388
1981;LAMON;BELLUNO;1183
1981;LA VALLE AGORDINA;BELLUNO;201
1981;LENTIAI;BELLUNO;466
1981;LIMANA;BELLUNO;410
1981;LIVINALLONGO DEL COL DI LANA;BELLUNO;129
1981;LONGARONE;BELLUNO;275
1981;LORENZAGO DI CADORE;BELLUNO;293
1981;LOZZO DI CADORE;BELLUNO;221
1981;MEL;BELLUNO;807
1981;OSPITALE DI CADORE;BELLUNO;104
1981;PEDAVENA;BELLUNO;416
1981;PERAROLO DI CADORE;BELLUNO;218
1981;PIEVE D'ALPAGO;BELLUNO;390
1981;PIEVE DI CADORE;BELLUNO;1035
1981;PONTE NELLE ALPI;BELLUNO;713
1981;PUOS D'ALPAGO;BELLUNO;245
1981;QUERO;BELLUNO;256
1981;RIVAMONTE AGORDINO;BELLUNO;263
1981;ROCCA PIETORE;BELLUNO;761
1981;SAN GREGORIO NELLE ALPI;BELLUNO;311
1981;SAN NICOLO' DI COMELICO;BELLUNO;142
1981;SAN PIETRO DI CADORE;BELLUNO;414
1981;SANTA GIUSTINA;BELLUNO;649
1981;SAN TOMASO AGORDINO;BELLUNO;233
1981;SANTO STEFANO DI CADORE;BELLUNO;496
1981;SAN VITO DI CADORE;BELLUNO;1028
1981;SAPPADA;BELLUNO;941
1981;SEDICO;BELLUNO;594
1981;SELVA DI CADORE;BELLUNO;517
1981;SEREN DEL GRAPPA;BELLUNO;437
1981;SOSPIROLO;BELLUNO;283
1981;SOVERZENE;BELLUNO;31
1981;SOVRAMONTE;BELLUNO;697
1981;TAIBON AGORDINO;BELLUNO;293
1981;TAMBRE;BELLUNO;811
1981;TRICHIANA;BELLUNO;530
1981;VALLADA AGORDINA;BELLUNO;329
1981;VALLE DI CADORE;BELLUNO;368
1981;VAS;BELLUNO;170
1981;VIGO DI CADORE;BELLUNO;573
1981;VODO CADORE;BELLUNO;219
1981;VOLTAGO AGORDINO;BELLUNO;400
1981;ZOLDO ALTO;BELLUNO;720
1981;ZOPPE' DI CADORE;BELLUNO;85
1981;ALTIVOLE;TREVISO;123
1981;ARCADE;TREVISO;81
1981;ASOLO;TREVISO;351
1981;BORSO DEL GRAPPA;TREVISO;364
1981;BREDA DI PIAVE;TREVISO;175
1981;CAERANO DI SAN MARCO;TREVISO;166
1981;CAPPELLA MAGGIORE;TREVISO;121
1981;CARBONERA;TREVISO;150
1981;CASALE SUL SILE;TREVISO;155
1981;CASIER;TREVISO;139
1981;CASTELCUCCO;TREVISO;90
1981;CASTELFRANCO VENETO;TREVISO;505
1981;CASTELLO DI GODEGO;TREVISO;51
1981;CAVASO DEL TOMBA;TREVISO;211
1981;CESSALTO;TREVISO;84
1981;CHIARANO;TREVISO;151
1981;CIMADOLMO;TREVISO;135
1981;CISON DI VALMARINO;TREVISO;490
1981;CODOGNE';TREVISO;138
1981;COLLE UMBERTO;TREVISO;177
1981;CONEGLIANO;TREVISO;1276
1981;CORDIGNANO;TREVISO;176
1981;CORNUDA;TREVISO;146
1981;CRESPANO DEL GRAPPA;TREVISO;230
1981;CROCETTA DEL MONTELLO;TREVISO;230
1981;FARRA DI SOLIGO;TREVISO;489
1981;FOLLINA;TREVISO;348
1981;FONTANELLE;TREVISO;200
1981;FONTE;TREVISO;111
1981;FREGONA;TREVISO;362
1981;GAIARINE;TREVISO;297
1981;GIAVERA DEL MONTELLO;TREVISO;150
1981;GODEGA DI SANT'URBANO;TREVISO;192
1981;GORGO AL MONTICANO;TREVISO;94
1981;ISTRANA;TREVISO;125
1981;LORIA;TREVISO;84
1981;MANSUE';TREVISO;169
1981;MARENO DI PIAVE;TREVISO;165
1981;MASER;TREVISO;229
1981;MASERADA SUL PIAVE;TREVISO;217
1981;MEDUNA DI LIVENZA;TREVISO;55
1981;MIANE;TREVISO;358
1981;MOGLIANO VENETO;TREVISO;708
1981;MONASTIER DI TREVISO;TREVISO;83
1981;MONFUMO;TREVISO;108
1981;MONTEBELLUNA;TREVISO;846
1981;MORGANO;TREVISO;117
1981;MORIAGO DELLA BATTAGLIA;TREVISO;179
1981;MOTTA DI LIVENZA;TREVISO;285
1981;NERVESA DELLA BATTAGLIA;TREVISO;305
1981;ODERZO;TREVISO;560
1981;ORMELLE;TREVISO;146
1981;ORSAGO;TREVISO;98
1981;PADERNO DEL GRAPPA;TREVISO;162
1981;PAESE;TREVISO;224
1981;PEDEROBBA;TREVISO;435
1981;PIEVE DI SOLIGO;TREVISO;488
1981;PONTE DI PIAVE;TREVISO;266
1981;PONZANO VENETO;TREVISO;153
1981;PORTOBUFFOLE';TREVISO;44
1981;POSSAGNO;TREVISO;152
1981;POVEGLIANO;TREVISO;81
1981;PREGANZIOL;TREVISO;331
1981;QUINTO DI TREVISO;TREVISO;218
1981;REFRONTOLO;TREVISO;136
1981;RESANA;TREVISO;67
1981;REVINE LAGO;TREVISO;345
1981;RIESE PIO X;TREVISO;225
1981;RONCADE;TREVISO;169
1981;SALGAREDA;TREVISO;142
1981;SAN BIAGIO DI CALLALTA;TREVISO;353
1981;SAN FIOR;TREVISO;215
1981;SAN PIETRO DI FELETTO;TREVISO;236
1981;SAN POLO DI PIAVE;TREVISO;93
1981;SANTA LUCIA DI PIAVE;TREVISO;172
1981;SAN VENDEMIANO;TREVISO;342
1981;SAN ZENONE DEGLI EZZELINI;TREVISO;202
1981;SARMEDE;TREVISO;143
1981;SEGUSINO;TREVISO;237
1981;SERNAGLIA DELLA BATTAGLIA;TREVISO;189
1981;SILEA;TREVISO;283
1981;SPRESIANO;TREVISO;287
1981;SUSEGANA;TREVISO;338
1981;TARZO;TREVISO;484
1981;TREVIGNANO;TREVISO;219
1981;TREVISO;TREVISO;2139
1981;VALDOBBIADENE;TREVISO;973
1981;VAZZOLA;TREVISO;108
1981;VEDELAGO;TREVISO;332
1981;VIDOR;TREVISO;194
1981;VILLORBA;TREVISO;318
1981;VITTORIO VENETO;TREVISO;1464
1981;VOLPAGO DEL MONTELLO;TREVISO;333
1981;ZENSON DI PIAVE;TREVISO;14
1981;ZERO BRANCO;TREVISO;145
1981;ANNONE VENETO;CITTA' METROPOLITANA DI VENEZIA;160
1981;CAMPAGNA LUPIA;CITTA' METROPOLITANA DI VENEZIA;112
1981;CAMPOLONGO MAGGIORE;CITTA' METROPOLITANA DI VENEZIA;140
1981;CAMPONOGARA;CITTA' METROPOLITANA DI VENEZIA;129
1981;CAORLE;CITTA' METROPOLITANA DI VENEZIA;9623
1981;CAVARZERE;CITTA' METROPOLITANA DI VENEZIA;471
1981;CEGGIA;CITTA' METROPOLITANA DI VENEZIA;108
1981;CHIOGGIA;CITTA' METROPOLITANA DI VENEZIA;5721
1981;CINTO CAOMAGGIORE;CITTA' METROPOLITANA DI VENEZIA;152
1981;CONA;CITTA' METROPOLITANA DI VENEZIA;81
1981;CONCORDIA SAGITTARIA;CITTA' METROPOLITANA DI VENEZIA;171
1981;DOLO;CITTA' METROPOLITANA DI VENEZIA;344
1981;ERACLEA;CITTA' METROPOLITANA DI VENEZIA;1781
1981;FIESSO D'ARTICO;CITTA' METROPOLITANA DI VENEZIA;106
1981;FOSSALTA DI PIAVE;CITTA' METROPOLITANA DI VENEZIA;71
1981;FOSSALTA DI PORTOGRUARO;CITTA' METROPOLITANA DI VENEZIA;150
1981;FOSSO';CITTA' METROPOLITANA DI VENEZIA;40
1981;GRUARO;CITTA' METROPOLITANA DI VENEZIA;110
1981;IESOLO;CITTA' METROPOLITANA DI VENEZIA;13561
1981;MARCON;CITTA' METROPOLITANA DI VENEZIA;213
1981;MARTELLAGO;CITTA' METROPOLITANA DI VENEZIA;358
1981;MEOLO;CITTA' METROPOLITANA DI VENEZIA;87
1981;MIRA;CITTA' METROPOLITANA DI VENEZIA;604
1981;MIRANO;CITTA' METROPOLITANA DI VENEZIA;552
1981;MUSILE DI PIAVE;CITTA' METROPOLITANA DI VENEZIA;197
1981;NOALE;CITTA' METROPOLITANA DI VENEZIA;307
1981;NOVENTA DI PIAVE;CITTA' METROPOLITANA DI VENEZIA;241
1981;PIANIGA;CITTA' METROPOLITANA DI VENEZIA;92
1981;PORTOGRUARO;CITTA' METROPOLITANA DI VENEZIA;831
1981;PRAMAGGIORE;CITTA' METROPOLITANA DI VENEZIA;190
1981;QUARTO D'ALTINO;CITTA' METROPOLITANA DI VENEZIA;148
1981;SALZANO;CITTA' METROPOLITANA DI VENEZIA;289
1981;SAN DONA' DI PIAVE;CITTA' METROPOLITANA DI VENEZIA;672
1981;SAN MICHELE AL TAGLIAMENTO;CITTA' METROPOLITANA DI VENEZIA;15451
1981;SANTA MARIA DI SALA;CITTA' METROPOLITANA DI VENEZIA;252
1981;SANTO STINO DI LIVENZA;CITTA' METROPOLITANA DI VENEZIA;541
1981;SCORZE';CITTA' METROPOLITANA DI VENEZIA;248
1981;SPINEA;CITTA' METROPOLITANA DI VENEZIA;423
1981;STRA;CITTA' METROPOLITANA DI VENEZIA;199
1981;TEGLIO VENETO;CITTA' METROPOLITANA DI VENEZIA;40
1981;TORRE DI MOSTO;CITTA' METROPOLITANA DI VENEZIA;208
1981;VENEZIA;CITTA' METROPOLITANA DI VENEZIA;7195
1981;VENEZIA;CITTA' METROPOLITANA DI VENEZIA;7195
1981;VIGONOVO;CITTA' METROPOLITANA DI VENEZIA;108
1981;ABANO TERME;PADOVA;538
1981;AGNA;PADOVA;71
1981;ALBIGNASEGO;PADOVA;312
1981;ANGUILLARA VENETA;PADOVA;92
1981;ARQUA' PETRARCA;PADOVA;132
1981;ARRE;PADOVA;78
1981;ARZERGRANDE;PADOVA;84
1981;BAGNOLI DI SOPRA;PADOVA;92
1981;BAONE;PADOVA;181
1981;BARBONA;PADOVA;80
1981;BATTAGLIA TERME;PADOVA;89
1981;BOARA PISANI;PADOVA;99
1981;BORGORICCO;PADOVA;86
1981;BOVOLENTA;PADOVA;65
1981;BRUGINE;PADOVA;106
1981;CADONEGHE;PADOVA;146
1981;CAMPODARSEGO;PADOVA;145
1981;CAMPODORO;PADOVA;37
1981;CAMPOSAMPIERO;PADOVA;300
1981;CAMPO SAN MARTINO;PADOVA;94
1981;CANDIANA;PADOVA;55
1981;CARCERI;PADOVA;44
1981;CARMIGNANO DI BRENTA;PADOVA;105
1981;CARRARA SAN GIORGIO;PADOVA;79
1981;CARRARA SANTO STEFANO;PADOVA;64
1981;CARTURA;PADOVA;125
1981;CASALE DI SCODOSIA;PADOVA;119
1981;CASALSERUGO;PADOVA;65
1981;CASTELBALDO;PADOVA;79
1981;CERVARESE SANTA CROCE;PADOVA;123
1981;CINTO EUGANEO;PADOVA;149
1981;CITTADELLA;PADOVA;361
1981;CODEVIGO;PADOVA;122
1981;CONSELVE;PADOVA;280
1981;CORREZZOLA;PADOVA;260
1981;CURTAROLO;PADOVA;232
1981;ESTE;PADOVA;392
1981;FONTANIVA;PADOVA;109
1981;GALLIERA VENETA;PADOVA;87
1981;GALZIGNANO TERME;PADOVA;195
1981;GAZZO;PADOVA;66
1981;GRANTORTO;PADOVA;64
1981;GRANZE;PADOVA;48
1981;LEGNARO;PADOVA;139
1981;LIMENA;PADOVA;149
1981;LOREGGIA;PADOVA;120
1981;LOZZO ATESTINO;PADOVA;185
1981;MASERA' DI PADOVA;PADOVA;183
1981;MASI;PADOVA;112
1981;MASSANZAGO;PADOVA;50
1981;MEGLIADINO SAN FIDENZIO;PADOVA;101
1981;MEGLIADINO SAN VITALE;PADOVA;125
1981;MERLARA;PADOVA;96
1981;MESTRINO;PADOVA;128
1981;MONSELICE;PADOVA;360
1981;MONTAGNANA;PADOVA;278
1981;MONTEGROTTO TERME;PADOVA;243
1981;NOVENTA PADOVANA;PADOVA;91
1981;OSPEDALETTO EUGANEO;PADOVA;136
1981;PADOVA;PADOVA;9934
1981;PERNUMIA;PADOVA;30
1981;PIACENZA D'ADIGE;PADOVA;104
1981;PIAZZOLA SUL BRENTA;PADOVA;154
1981;PIOMBINO DESE;PADOVA;177
1981;PIOVE DI SACCO;PADOVA;441
1981;POLVERARA;PADOVA;31
1981;PONSO;PADOVA;74
1981;PONTELONGO;PADOVA;85
1981;PONTE SAN NICOLO';PADOVA;84
1981;POZZONOVO;PADOVA;34
1981;ROVOLON;PADOVA;116
1981;RUBANO;PADOVA;472
1981;SACCOLONGO;PADOVA;129
1981;SALETTO;PADOVA;141
1981;SAN GIORGIO DELLE PERTICHE;PADOVA;146
1981;SAN GIORGIO IN BOSCO;PADOVA;82
1981;SAN MARTINO DI LUPARI;PADOVA;186
1981;SAN PIETRO IN GU;PADOVA;99
1981;SAN PIETRO VIMINARIO;PADOVA;99
1981;SANTA GIUSTINA IN COLLE;PADOVA;183
1981;SANTA MARGHERITA D'ADIGE;PADOVA;113
1981;SANT'ANGELO DI PIOVE DI SACCO;PADOVA;84
1981;SANT'ELENA;PADOVA;7
1981;SANT'URBANO;PADOVA;133
1981;SAONARA;PADOVA;78
1981;SELVAZZANO DENTRO;PADOVA;423
1981;SOLESINO;PADOVA;224
1981;STANGHELLA;PADOVA;250
1981;TEOLO;PADOVA;369
1981;TERRASSA PADOVANA;PADOVA;21
1981;TOMBOLO;PADOVA;134
1981;TORREGLIA;PADOVA;335
1981;TREBASELEGHE;PADOVA;344
1981;TRIBANO;PADOVA;183
1981;URBANA;PADOVA;83
1981;VEGGIANO;PADOVA;57
1981;VESCOVANA;PADOVA;132
1981;VIGHIZZOLO D'ESTE;PADOVA;44
1981;VIGODARZERE;PADOVA;113
1981;VIGONZA;PADOVA;159
1981;VILLA DEL CONTE;PADOVA;136
1981;VILLA ESTENSE;PADOVA;27
1981;VILLAFRANCA PADOVANA;PADOVA;63
1981;VILLANOVA DI CAMPOSAMPIERO;PADOVA;162
1981;VO;PADOVA;188
1981;ADRIA;ROVIGO;837
1981;ARIANO NEL POLESINE;ROVIGO;272
1981;ARQUA' POLESINE;ROVIGO;131
1981;BADIA POLESINE;ROVIGO;437
1981;BAGNOLO DI PO;ROVIGO;78
1981;BERGANTINO;ROVIGO;30
1981;BOSARO;ROVIGO;76
1981;CALTO;ROVIGO;26
1981;CANARO;ROVIGO;127
1981;CANDA;ROVIGO;67
1981;CASTELGUGLIELMO;ROVIGO;91
1981;CASTELMASSA;ROVIGO;115
1981;CASTELNOVO BARIANO;ROVIGO;99
1981;CENESELLI;ROVIGO;56
1981;CEREGNANO;ROVIGO;145
1981;CONTARINA;ROVIGO;321
1981;CORBOLA;ROVIGO;182
1981;COSTA DI ROVIGO;ROVIGO;53
1981;CRESPINO;ROVIGO;268
1981;DONADA;ROVIGO;385
1981;FICAROLO;ROVIGO;92
1981;FIESSO UMBERTIANO;ROVIGO;108
1981;FRASSINELLE POLESINE;ROVIGO;108
1981;FRATTA POLESINE;ROVIGO;122
1981;GAIBA;ROVIGO;68
1981;GAVELLO;ROVIGO;153
1981;GIACCIANO CON BARUCHELLA;ROVIGO;98
1981;GUARDA VENETA;ROVIGO;32
1981;LENDINARA;ROVIGO;403
1981;LOREO;ROVIGO;130
1981;LUSIA;ROVIGO;135
1981;MELARA;ROVIGO;57
1981;OCCHIOBELLO;ROVIGO;296
1981;PAPOZZE;ROVIGO;171
1981;PETTORAZZA GRIMANI;ROVIGO;58
1981;PINCARA;ROVIGO;71
1981;POLESELLA;ROVIGO;162
1981;PONTECCHIO POLESINE;ROVIGO;81
1981;PORTO TOLLE;ROVIGO;248
1981;ROSOLINA;ROVIGO;3354
1981;ROVIGO;ROVIGO;1258
1981;SALARA;ROVIGO;68
1981;SAN BELLINO;ROVIGO;35
1981;SAN MARTINO DI VENEZZE;ROVIGO;172
1981;STIENTA;ROVIGO;139
1981;TAGLIO DI PO;ROVIGO;219
1981;TRECENTA;ROVIGO;100
1981;VILLADOSE;ROVIGO;137
1981;VILLAMARZANA;ROVIGO;67
1981;VILLANOVA DEL GHEBBO;ROVIGO;70
1981;VILLANOVA MARCHESANA;ROVIGO;104
1991;AFFI;VERONA;107
1991;ALBAREDO D'ADIGE;VERONA;158
1991;ANGIARI;VERONA;27
1991;ARCOLE;VERONA;99
1991;BADIA CALAVENA;VERONA;792
1991;BARDOLINO;VERONA;3027
1991;BELFIORE;VERONA;57
1991;BEVILACQUA;VERONA;75
1991;BONAVIGO;VERONA;47
1991;BOSCHI SANT'ANNA;VERONA;105
1991;BOSCO CHIESANUOVA;VERONA;2922
1991;BOVOLONE;VERONA;109
1991;BRENTINO BELLUNO;VERONA;156
1991;BRENZONE;VERONA;1254
1991;BUSSOLENGO;VERONA;353
1991;BUTTAPIETRA;VERONA;101
1991;CALDIERO;VERONA;110
1991;CAPRINO VERONESE;VERONA;663
1991;CASALEONE;VERONA;189
1991;CASTAGNARO;VERONA;167
1991;CASTEL D'AZZANO;VERONA;221
1991;CASTELNUOVO DEL GARDA;VERONA;530
1991;CAVAION VERONESE;VERONA;389
1991;CAZZANO DI TRAMIGNA;VERONA;173
1991;CEREA;VERONA;348
1991;CERRO VERONESE;VERONA;886
1991;COLOGNA VENETA;VERONA;278
1991;COLOGNOLA AI COLLI;VERONA;249
1991;CONCAMARISE;VERONA;59
1991;COSTERMANO SUL GARDA;VERONA;881
1991;DOLCE';VERONA;132
1991;ERBE';VERONA;75
1991;ERBEZZO;VERONA;459
1991;FERRARA DI MONTE BALDO;VERONA;588
1991;FUMANE;VERONA;498
1991;GARDA;VERONA;1615
1991;GAZZO VERONESE;VERONA;300
1991;GREZZANA;VERONA;822
1991;ILLASI;VERONA;247
1991;ISOLA DELLA SCALA;VERONA;305
1991;ISOLA RIZZA;VERONA;104
1991;LAVAGNO;VERONA;145
1991;LAZISE;VERONA;1394
1991;LEGNAGO;VERONA;623
1991;MALCESINE;VERONA;1247
1991;MARANO DI VALPOLICELLA;VERONA;198
1991;MEZZANE DI SOTTO;VERONA;139
1991;MINERBE;VERONA;151
1991;MONTECCHIA DI CROSARA;VERONA;133
1991;MONTEFORTE D'ALPONE;VERONA;225
1991;MOZZECANE;VERONA;62
1991;NEGRAR;VERONA;488
1991;NOGARA;VERONA;209
1991;NOGAROLE ROCCA;VERONA;48
1991;OPPEANO;VERONA;148
1991;PALU';VERONA;26
1991;PASTRENGO;VERONA;190
1991;PESCANTINA;VERONA;338
1991;PESCHIERA DEL GARDA;VERONA;1832
1991;POVEGLIANO VERONESE;VERONA;169
1991;PRESSANA;VERONA;135
1991;RIVOLI VERONESE;VERONA;148
1991;RONCA';VERONA;152
1991;RONCO ALL'ADIGE;VERONA;143
1991;ROVERCHIARA;VERONA;162
1991;ROVEREDO DI GUA';VERONA;39
1991;ROVERE' VERONESE;VERONA;527
1991;SALIZZOLE;VERONA;122
1991;SAN BONIFACIO;VERONA;421
1991;SAN GIOVANNI ILARIONE;VERONA;138
1991;SAN GIOVANNI LUPATOTO;VERONA;490
1991;SANGUINETTO;VERONA;134
1991;SAN MARTINO BUON ALBERGO;VERONA;292
1991;SAN MAURO DI SALINE;VERONA;296
1991;SAN PIETRO DI MORUBIO;VERONA;40
1991;SAN PIETRO IN CARIANO;VERONA;259
1991;SANT'AMBROGIO DI VALPOLICELLA;VERONA;276
1991;SANT'ANNA D'ALFAEDO;VERONA;609
1991;SAN ZENO DI MONTAGNA;VERONA;1321
1991;SELVA DI PROGNO;VERONA;609
1991;SOAVE;VERONA;214
1991;SOMMACAMPAGNA;VERONA;258
1991;SONA;VERONA;397
1991;SORGA';VERONA;84
1991;TERRAZZO;VERONA;216
1991;TORRI DEL BENACO;VERONA;2178
1991;TREGNAGO;VERONA;325
1991;TREVENZUOLO;VERONA;77
1991;VALEGGIO SUL MINCIO;VERONA;466
1991;VELO VERONESE;VERONA;311
1991;VERONA;VERONA;9269
1991;VERONELLA;VERONA;153
1991;VESTENANOVA;VERONA;446
1991;VIGASIO;VERONA;178
1991;VILLA BARTOLOMEA;VERONA;201
1991;VILLAFRANCA DI VERONA;VERONA;454
1991;ZEVIO;VERONA;231
1991;ZIMELLA;VERONA;162
1991;AGUGLIARO;VICENZA;92
1991;ALBETTONE;VICENZA;138
1991;ALONTE;VICENZA;74
1991;ALTAVILLA VICENTINA;VICENZA;249
1991;ALTISSIMO;VICENZA;207
1991;ARCUGNANO;VICENZA;445
1991;ARSIERO;VICENZA;404
1991;ARZIGNANO;VICENZA;593
1991;ASIAGO;VICENZA;3691
1991;ASIGLIANO VENETO;VICENZA;18
1991;BARBARANO VICENTINO;VICENZA;90
1991;BASSANO DEL GRAPPA;VICENZA;1505
1991;BOLZANO VICENTINO;VICENZA;96
1991;BREGANZE;VICENZA;165
1991;BRENDOLA;VICENZA;195
1991;BRESSANVIDO;VICENZA;30
1991;BROGLIANO;VICENZA;117
1991;CALDOGNO;VICENZA;134
1991;CALTRANO;VICENZA;115
1991;CALVENE;VICENZA;114
1991;CAMISANO VICENTINO;VICENZA;245
1991;CAMPIGLIA DEI BERICI;VICENZA;57
1991;CAMPOLONGO SUL BRENTA;VICENZA;148
1991;CARRE';VICENZA;67
1991;CARTIGLIANO;VICENZA;93
1991;CASSOLA;VICENZA;293
1991;CASTEGNERO;VICENZA;52
1991;CASTELGOMBERTO;VICENZA;138
1991;CHIAMPO;VICENZA;238
1991;CHIUPPANO;VICENZA;52
1991;CISMON DEL GRAPPA;VICENZA;485
1991;COGOLLO DEL CENGIO;VICENZA;462
1991;CONCO;VICENZA;1712
1991;CORNEDO VICENTINO;VICENZA;287
1991;COSTABISSARA;VICENZA;134
1991;CREAZZO;VICENZA;185
1991;CRESPADORO;VICENZA;511
1991;DUEVILLE;VICENZA;244
1991;ENEGO;VICENZA;1687
1991;FARA VICENTINO;VICENZA;133
1991;FOZA;VICENZA;484
1991;GALLIO;VICENZA;3355
1991;GAMBELLARA;VICENZA;109
1991;GAMBUGLIANO;VICENZA;31
1991;GRANCONA;VICENZA;199
1991;GRISIGNANO DI ZOCCO;VICENZA;231
1991;GRUMOLO DELLE ABBADESSE;VICENZA;99
1991;ISOLA VICENTINA;VICENZA;173
1991;LAGHI;VICENZA;184
1991;LASTEBASSE;VICENZA;141
1991;LONGARE;VICENZA;158
1991;LONIGO;VICENZA;383
1991;LUGO DI VICENZA;VICENZA;137
1991;LUSIANA;VICENZA;1121
1991;MALO;VICENZA;230
1991;MARANO VICENTINO;VICENZA;87
1991;MAROSTICA;VICENZA;663
1991;MASON VICENTINO;VICENZA;93
1991;MOLVENA;VICENZA;61
1991;MONTEBELLO VICENTINO;VICENZA;221
1991;MONTECCHIO MAGGIORE;VICENZA;462
1991;MONTECCHIO PRECALCINO;VICENZA;71
1991;MONTE DI MALO;VICENZA;246
1991;MONTEGALDA;VICENZA;81
1991;MONTEGALDELLA;VICENZA;65
1991;MONTEVIALE;VICENZA;88
1991;MONTICELLO CONTE OTTO;VICENZA;192
1991;MONTORSO VICENTINO;VICENZA;111
1991;MOSSANO;VICENZA;84
1991;MUSSOLENTE;VICENZA;194
1991;NANTO;VICENZA;59
1991;NOGAROLE VICENTINO;VICENZA;79
1991;NOVE;VICENZA;69
1991;NOVENTA VICENTINA;VICENZA;276
1991;ORGIANO;VICENZA;144
1991;PEDEMONTE;VICENZA;113
1991;PIANEZZE;VICENZA;48
1991;PIOVENE ROCCHETTE;VICENZA;308
1991;POIANA MAGGIORE;VICENZA;382
1991;POSINA;VICENZA;483
1991;POVE DEL GRAPPA;VICENZA;223
1991;POZZOLEONE;VICENZA;39
1991;QUINTO VICENTINO;VICENZA;138
1991;RECOARO TERME;VICENZA;1241
1991;ROANA;VICENZA;5242
1991;ROMANO D'EZZELINO;VICENZA;435
1991;ROSA';VICENZA;188
1991;ROSSANO VENETO;VICENZA;88
1991;ROTZO;VICENZA;483
1991;SALCEDO;VICENZA;121
1991;SANDRIGO;VICENZA;140
1991;SAN GERMANO DEI BERICI;VICENZA;128
1991;SAN NAZARIO;VICENZA;541
1991;SAN PIETRO MUSSOLINO;VICENZA;52
1991;SANTORSO;VICENZA;136
1991;SAN VITO DI LEGUZZANO;VICENZA;78
1991;SARCEDO;VICENZA;93
1991;SAREGO;VICENZA;140
1991;SCHIAVON;VICENZA;50
1991;SCHIO;VICENZA;1228
1991;SOLAGNA;VICENZA;407
1991;SOSSANO;VICENZA;169
1991;SOVIZZO;VICENZA;157
1991;TEZZE SUL BRENTA;VICENZA;165
1991;THIENE;VICENZA;641
1991;TONEZZA DEL CIMONE;VICENZA;1636
1991;TORREBELVICINO;VICENZA;275
1991;TORRI DI QUARTESOLO;VICENZA;371
1991;TRISSINO;VICENZA;269
1991;VALDAGNO;VICENZA;1360
1991;VALDASTICO;VICENZA;339
1991;VALLI DEL PASUBIO;VICENZA;543
1991;VALSTAGNA;VICENZA;508
1991;VELO D'ASTICO;VICENZA;261
1991;VICENZA;VICENZA;4029
1991;VILLAGA;VICENZA;155
1991;VILLAVERLA;VICENZA;138
1991;ZANE';VICENZA;121
1991;ZERMEGHEDO;VICENZA;20
1991;ZOVENCEDO;VICENZA;143
1991;ZUGLIANO;VICENZA;168
1991;AGORDO;BELLUNO;481
1991;ALANO DI PIAVE;BELLUNO;464
1991;ALLEGHE;BELLUNO;742
1991;ARSIE';BELLUNO;1091
1991;AURONZO DI CADORE;BELLUNO;2201
1991;BELLUNO;BELLUNO;2366
1991;BORCA DI CADORE;BELLUNO;797
1991;CALALZO DI CADORE;BELLUNO;540
1991;CASTELLO LAVAZZO;BELLUNO;220
1991;CENCENIGHE AGORDINO;BELLUNO;375
1991;CESIOMAGGIORE;BELLUNO;472
1991;CHIES D'ALPAGO;BELLUNO;325
1991;CIBIANA DI CADORE;BELLUNO;359
1991;COLLE SANTA LUCIA;BELLUNO;252
1991;COMELICO SUPERIORE;BELLUNO;873
1991;CORTINA D'AMPEZZO;BELLUNO;3853
1991;DANTA DI CADORE;BELLUNO;163
1991;DOMEGGE DI CADORE;BELLUNO;476
1991;FALCADE;BELLUNO;1889
1991;FARRA D'ALPAGO;BELLUNO;497
1991;FELTRE;BELLUNO;1423
1991;FONZASO;BELLUNO;564
1991;CANALE D'AGORDO;BELLUNO;732
1991;FORNO DI ZOLDO;BELLUNO;896
1991;GOSALDO;BELLUNO;584
1991;LAMON;BELLUNO;1355
1991;LA VALLE AGORDINA;BELLUNO;256
1991;LENTIAI;BELLUNO;522
1991;LIMANA;BELLUNO;508
1991;LIVINALLONGO DEL COL DI LANA;BELLUNO;144
1991;LONGARONE;BELLUNO;260
1991;LORENZAGO DI CADORE;BELLUNO;463
1991;LOZZO DI CADORE;BELLUNO;215
1991;MEL;BELLUNO;1011
1991;OSPITALE DI CADORE;BELLUNO;103
1991;PEDAVENA;BELLUNO;573
1991;PERAROLO DI CADORE;BELLUNO;246
1991;PIEVE D'ALPAGO;BELLUNO;439
1991;PIEVE DI CADORE;BELLUNO;1424
1991;PONTE NELLE ALPI;BELLUNO;701
1991;PUOS D'ALPAGO;BELLUNO;197
1991;QUERO;BELLUNO;335
1991;RIVAMONTE AGORDINO;BELLUNO;281
1991;ROCCA PIETORE;BELLUNO;1186
1991;SAN GREGORIO NELLE ALPI;BELLUNO;319
1991;SAN NICOLO' DI COMELICO;BELLUNO;158
1991;SAN PIETRO DI CADORE;BELLUNO;376
1991;SANTA GIUSTINA;BELLUNO;508
1991;SAN TOMASO AGORDINO;BELLUNO;314
1991;SANTO STEFANO DI CADORE;BELLUNO;661
1991;SAN VITO DI CADORE;BELLUNO;1329
1991;SAPPADA;BELLUNO;1363
1991;SEDICO;BELLUNO;551
1991;SELVA DI CADORE;BELLUNO;853
1991;SEREN DEL GRAPPA;BELLUNO;477
1991;SOSPIROLO;BELLUNO;334
1991;SOVERZENE;BELLUNO;42
1991;SOVRAMONTE;BELLUNO;766
1991;TAIBON AGORDINO;BELLUNO;329
1991;TAMBRE;BELLUNO;1014
1991;TRICHIANA;BELLUNO;562
1991;VALLADA AGORDINA;BELLUNO;462
1991;VALLE DI CADORE;BELLUNO;733
1991;VAS;BELLUNO;193
1991;VIGO DI CADORE;BELLUNO;722
1991;VODO CADORE;BELLUNO;306
1991;VOLTAGO AGORDINO;BELLUNO;434
1991;ZOLDO ALTO;BELLUNO;972
1991;ZOPPE' DI CADORE;BELLUNO;119
1991;ALTIVOLE;TREVISO;159
1991;ARCADE;TREVISO;94
1991;ASOLO;TREVISO;366
1991;BORSO DEL GRAPPA;TREVISO;320
1991;BREDA DI PIAVE;TREVISO;235
1991;CAERANO DI SAN MARCO;TREVISO;152
1991;CAPPELLA MAGGIORE;TREVISO;97
1991;CARBONERA;TREVISO;159
1991;CASALE SUL SILE;TREVISO;151
1991;CASIER;TREVISO;203
1991;CASTELCUCCO;TREVISO;168
1991;CASTELFRANCO VENETO;TREVISO;669
1991;CASTELLO DI GODEGO;TREVISO;85
1991;CAVASO DEL TOMBA;TREVISO;313
1991;CESSALTO;TREVISO;140
1991;CHIARANO;TREVISO;137
1991;CIMADOLMO;TREVISO;174
1991;CISON DI VALMARINO;TREVISO;582
1991;CODOGNE';TREVISO;195
1991;COLLE UMBERTO;TREVISO;218
1991;CONEGLIANO;TREVISO;1303
1991;CORDIGNANO;TREVISO;193
1991;CORNUDA;TREVISO;188
1991;CRESPANO DEL GRAPPA;TREVISO;296
1991;CROCETTA DEL MONTELLO;TREVISO;291
1991;FARRA DI SOLIGO;TREVISO;540
1991;FOLLINA;TREVISO;232
1991;FONTANELLE;TREVISO;285
1991;FONTE;TREVISO;183
1991;FREGONA;TREVISO;562
1991;GAIARINE;TREVISO;240
1991;GIAVERA DEL MONTELLO;TREVISO;228
1991;GODEGA DI SANT'URBANO;TREVISO;167
1991;GORGO AL MONTICANO;TREVISO;236
1991;ISTRANA;TREVISO;202
1991;LORIA;TREVISO;194
1991;MANSUE';TREVISO;170
1991;MARENO DI PIAVE;TREVISO;247
1991;MASER;TREVISO;246
1991;MASERADA SUL PIAVE;TREVISO;176
1991;MEDUNA DI LIVENZA;TREVISO;83
1991;MIANE;TREVISO;395
1991;MOGLIANO VENETO;TREVISO;653
1991;MONASTIER DI TREVISO;TREVISO;69
1991;MONFUMO;TREVISO;96
1991;MONTEBELLUNA;TREVISO;961
1991;MORGANO;TREVISO;130
1991;MORIAGO DELLA BATTAGLIA;TREVISO;224
1991;MOTTA DI LIVENZA;TREVISO;380
1991;NERVESA DELLA BATTAGLIA;TREVISO;328
1991;ODERZO;TREVISO;554
1991;ORMELLE;TREVISO;114
1991;ORSAGO;TREVISO;160
1991;PADERNO DEL GRAPPA;TREVISO;195
1991;PAESE;TREVISO;325
1991;PEDEROBBA;TREVISO;273
1991;PIEVE DI SOLIGO;TREVISO;398
1991;PONTE DI PIAVE;TREVISO;188
1991;PONZANO VENETO;TREVISO;150
1991;PORTOBUFFOLE';TREVISO;52
1991;POSSAGNO;TREVISO;143
1991;POVEGLIANO;TREVISO;82
1991;PREGANZIOL;TREVISO;342
1991;QUINTO DI TREVISO;TREVISO;165
1991;REFRONTOLO;TREVISO;165
1991;RESANA;TREVISO;152
1991;REVINE LAGO;TREVISO;297
1991;RIESE PIO X;TREVISO;259
1991;RONCADE;TREVISO;236
1991;SALGAREDA;TREVISO;271
1991;SAN BIAGIO DI CALLALTA;TREVISO;384
1991;SAN FIOR;TREVISO;99
1991;SAN PIETRO DI FELETTO;TREVISO;243
1991;SAN POLO DI PIAVE;TREVISO;122
1991;SANTA LUCIA DI PIAVE;TREVISO;215
1991;SAN VENDEMIANO;TREVISO;376
1991;SAN ZENONE DEGLI EZZELINI;TREVISO;276
1991;SARMEDE;TREVISO;321
1991;SEGUSINO;TREVISO;545
1991;SERNAGLIA DELLA BATTAGLIA;TREVISO;274
1991;SILEA;TREVISO;121
1991;SPRESIANO;TREVISO;235
1991;SUSEGANA;TREVISO;256
1991;TARZO;TREVISO;247
1991;TREVIGNANO;TREVISO;144
1991;TREVISO;TREVISO;2357
1991;VALDOBBIADENE;TREVISO;1261
1991;VAZZOLA;TREVISO;99
1991;VEDELAGO;TREVISO;402
1991;VIDOR;TREVISO;221
1991;VILLORBA;TREVISO;283
1991;VITTORIO VENETO;TREVISO;1595
1991;VOLPAGO DEL MONTELLO;TREVISO;317
1991;ZENSON DI PIAVE;TREVISO;40
1991;ZERO BRANCO;TREVISO;116
1991;ANNONE VENETO;CITTA' METROPOLITANA DI VENEZIA;285
1991;CAMPAGNA LUPIA;CITTA' METROPOLITANA DI VENEZIA;188
1991;CAMPOLONGO MAGGIORE;CITTA' METROPOLITANA DI VENEZIA;176
1991;CAMPONOGARA;CITTA' METROPOLITANA DI VENEZIA;250
1991;CAORLE;CITTA' METROPOLITANA DI VENEZIA;10136
1991;CAVARZERE;CITTA' METROPOLITANA DI VENEZIA;634
1991;CEGGIA;CITTA' METROPOLITANA DI VENEZIA;155
1991;CHIOGGIA;CITTA' METROPOLITANA DI VENEZIA;5928
1991;CINTO CAOMAGGIORE;CITTA' METROPOLITANA DI VENEZIA;140
1991;CONA;CITTA' METROPOLITANA DI VENEZIA;113
1991;CONCORDIA SAGITTARIA;CITTA' METROPOLITANA DI VENEZIA;250
1991;DOLO;CITTA' METROPOLITANA DI VENEZIA;454
1991;ERACLEA;CITTA' METROPOLITANA DI VENEZIA;2406
1991;FIESSO D'ARTICO;CITTA' METROPOLITANA DI VENEZIA;146
1991;FOSSALTA DI PIAVE;CITTA' METROPOLITANA DI VENEZIA;168
1991;FOSSALTA DI PORTOGRUARO;CITTA' METROPOLITANA DI VENEZIA;175
1991;FOSSO';CITTA' METROPOLITANA DI VENEZIA;57
1991;GRUARO;CITTA' METROPOLITANA DI VENEZIA;131
1991;IESOLO;CITTA' METROPOLITANA DI VENEZIA;13729
1991;MARCON;CITTA' METROPOLITANA DI VENEZIA;235
1991;MARTELLAGO;CITTA' METROPOLITANA DI VENEZIA;249
1991;MEOLO;CITTA' METROPOLITANA DI VENEZIA;152
1991;MIRA;CITTA' METROPOLITANA DI VENEZIA;560
1991;MIRANO;CITTA' METROPOLITANA DI VENEZIA;605
1991;MUSILE DI PIAVE;CITTA' METROPOLITANA DI VENEZIA;162
1991;NOALE;CITTA' METROPOLITANA DI VENEZIA;223
1991;NOVENTA DI PIAVE;CITTA' METROPOLITANA DI VENEZIA;221
1991;PIANIGA;CITTA' METROPOLITANA DI VENEZIA;217
1991;PORTOGRUARO;CITTA' METROPOLITANA DI VENEZIA;744
1991;PRAMAGGIORE;CITTA' METROPOLITANA DI VENEZIA;224
1991;QUARTO D'ALTINO;CITTA' METROPOLITANA DI VENEZIA;117
1991;SALZANO;CITTA' METROPOLITANA DI VENEZIA;315
1991;SAN DONA' DI PIAVE;CITTA' METROPOLITANA DI VENEZIA;1021
1991;SAN MICHELE AL TAGLIAMENTO;CITTA' METROPOLITANA DI VENEZIA;19132
1991;SANTA MARIA DI SALA;CITTA' METROPOLITANA DI VENEZIA;228
1991;SANTO STINO DI LIVENZA;CITTA' METROPOLITANA DI VENEZIA;408
1991;SCORZE';CITTA' METROPOLITANA DI VENEZIA;266
1991;SPINEA;CITTA' METROPOLITANA DI VENEZIA;451
1991;STRA;CITTA' METROPOLITANA DI VENEZIA;205
1991;TEGLIO VENETO;CITTA' METROPOLITANA DI VENEZIA;125
1991;TORRE DI MOSTO;CITTA' METROPOLITANA DI VENEZIA;210
1991;VENEZIA;CITTA' METROPOLITANA DI VENEZIA;12354
1991;VENEZIA;CITTA' METROPOLITANA DI VENEZIA;12354
1991;VIGONOVO;CITTA' METROPOLITANA DI VENEZIA;85
1991;ABANO TERME;PADOVA;503
1991;AGNA;PADOVA;77
1991;ALBIGNASEGO;PADOVA;364
1991;ANGUILLARA VENETA;PADOVA;104
1991;ARQUA' PETRARCA;PADOVA;103
1991;ARRE;PADOVA;61
1991;ARZERGRANDE;PADOVA;128
1991;BAGNOLI DI SOPRA;PADOVA;143
1991;BAONE;PADOVA;94
1991;BARBONA;PADOVA;50
1991;BATTAGLIA TERME;PADOVA;62
1991;BOARA PISANI;PADOVA;40
1991;BORGORICCO;PADOVA;119
1991;BOVOLENTA;PADOVA;145
1991;BRUGINE;PADOVA;147
1991;CADONEGHE;PADOVA;211
1991;CAMPODARSEGO;PADOVA;278
1991;CAMPODORO;PADOVA;36
1991;CAMPOSAMPIERO;PADOVA;346
1991;CAMPO SAN MARTINO;PADOVA;107
1991;CANDIANA;PADOVA;74
1991;CARCERI;PADOVA;75
1991;CARMIGNANO DI BRENTA;PADOVA;129
1991;CARRARA SAN GIORGIO;PADOVA;112
1991;CARRARA SANTO STEFANO;PADOVA;85
1991;CARTURA;PADOVA;122
1991;CASALE DI SCODOSIA;PADOVA;152
1991;CASALSERUGO;PADOVA;76
1991;CASTELBALDO;PADOVA;105
1991;CERVARESE SANTA CROCE;PADOVA;157
1991;CINTO EUGANEO;PADOVA;177
1991;CITTADELLA;PADOVA;320
1991;CODEVIGO;PADOVA;112
1991;CONSELVE;PADOVA;114
1991;CORREZZOLA;PADOVA;183
1991;CURTAROLO;PADOVA;175
1991;ESTE;PADOVA;592
1991;FONTANIVA;PADOVA;132
1991;GALLIERA VENETA;PADOVA;115
1991;GALZIGNANO TERME;PADOVA;180
1991;GAZZO;PADOVA;46
1991;GRANTORTO;PADOVA;122
1991;GRANZE;PADOVA;61
1991;LEGNARO;PADOVA;104
1991;LIMENA;PADOVA;114
1991;LOREGGIA;PADOVA;252
1991;LOZZO ATESTINO;PADOVA;129
1991;MASERA' DI PADOVA;PADOVA;142
1991;MASI;PADOVA;116
1991;MASSANZAGO;PADOVA;38
1991;MEGLIADINO SAN FIDENZIO;PADOVA;141
1991;MEGLIADINO SAN VITALE;PADOVA;182
1991;MERLARA;PADOVA;136
1991;MESTRINO;PADOVA;131
1991;MONSELICE;PADOVA;398
1991;MONTAGNANA;PADOVA;433
1991;MONTEGROTTO TERME;PADOVA;351
1991;NOVENTA PADOVANA;PADOVA;135
1991;OSPEDALETTO EUGANEO;PADOVA;128
1991;PADOVA;PADOVA;10205
1991;PERNUMIA;PADOVA;72
1991;PIACENZA D'ADIGE;PADOVA;163
1991;PIAZZOLA SUL BRENTA;PADOVA;250
1991;PIOMBINO DESE;PADOVA;284
1991;PIOVE DI SACCO;PADOVA;506
1991;POLVERARA;PADOVA;41
1991;PONSO;PADOVA;123
1991;PONTELONGO;PADOVA;102
1991;PONTE SAN NICOLO';PADOVA;219
1991;POZZONOVO;PADOVA;81
1991;ROVOLON;PADOVA;150
1991;RUBANO;PADOVA;188
1991;SACCOLONGO;PADOVA;104
1991;SALETTO;PADOVA;171
1991;SAN GIORGIO DELLE PERTICHE;PADOVA;171
1991;SAN GIORGIO IN BOSCO;PADOVA;49
1991;SAN MARTINO DI LUPARI;PADOVA;229
1991;SAN PIETRO IN GU;PADOVA;112
1991;SAN PIETRO VIMINARIO;PADOVA;41
1991;SANTA GIUSTINA IN COLLE;PADOVA;251
1991;SANTA MARGHERITA D'ADIGE;PADOVA;70
1991;SANT'ANGELO DI PIOVE DI SACCO;PADOVA;127
1991;SANT'ELENA;PADOVA;42
1991;SANT'URBANO;PADOVA;108
1991;SAONARA;PADOVA;135
1991;SELVAZZANO DENTRO;PADOVA;391
1991;SOLESINO;PADOVA;178
1991;STANGHELLA;PADOVA;148
1991;TEOLO;PADOVA;481
1991;TERRASSA PADOVANA;PADOVA;39
1991;TOMBOLO;PADOVA;73
1991;TORREGLIA;PADOVA;276
1991;TREBASELEGHE;PADOVA;210
1991;TRIBANO;PADOVA;186
1991;URBANA;PADOVA;105
1991;VEGGIANO;PADOVA;47
1991;VESCOVANA;PADOVA;85
1991;VIGHIZZOLO D'ESTE;PADOVA;70
1991;VIGODARZERE;PADOVA;207
1991;VIGONZA;PADOVA;282
1991;VILLA DEL CONTE;PADOVA;45
1991;VILLA ESTENSE;PADOVA;45
1991;VILLAFRANCA PADOVANA;PADOVA;122
1991;VILLANOVA DI CAMPOSAMPIERO;PADOVA;73
1991;VO;PADOVA;236
1991;ADRIA;ROVIGO;699
1991;ARIANO NEL POLESINE;ROVIGO;165
1991;ARQUA' POLESINE;ROVIGO;74
1991;BADIA POLESINE;ROVIGO;460
1991;BAGNOLO DI PO;ROVIGO;96
1991;BERGANTINO;ROVIGO;70
1991;BOSARO;ROVIGO;73
1991;CALTO;ROVIGO;41
1991;CANARO;ROVIGO;140
1991;CANDA;ROVIGO;59
1991;CASTELGUGLIELMO;ROVIGO;88
1991;CASTELMASSA;ROVIGO;174
1991;CASTELNOVO BARIANO;ROVIGO;148
1991;CENESELLI;ROVIGO;79
1991;CEREGNANO;ROVIGO;158
1991;CONTARINA;ROVIGO;234
1991;CORBOLA;ROVIGO;151
1991;COSTA DI ROVIGO;ROVIGO;107
1991;CRESPINO;ROVIGO;142
1991;DONADA;ROVIGO;463
1991;FICAROLO;ROVIGO;138
1991;FIESSO UMBERTIANO;ROVIGO;146
1991;FRASSINELLE POLESINE;ROVIGO;77
1991;FRATTA POLESINE;ROVIGO;113
1991;GAIBA;ROVIGO;78
1991;GAVELLO;ROVIGO;114
1991;GIACCIANO CON BARUCHELLA;ROVIGO;118
1991;GUARDA VENETA;ROVIGO;72
1991;LENDINARA;ROVIGO;551
1991;LOREO;ROVIGO;156
1991;LUSIA;ROVIGO;134
1991;MELARA;ROVIGO;175
1991;OCCHIOBELLO;ROVIGO;276
1991;PAPOZZE;ROVIGO;131
1991;PETTORAZZA GRIMANI;ROVIGO;19
1991;PINCARA;ROVIGO;72
1991;POLESELLA;ROVIGO;127
1991;PONTECCHIO POLESINE;ROVIGO;100
1991;PORTO TOLLE;ROVIGO;436
1991;ROSOLINA;ROVIGO;5997
1991;ROVIGO;ROVIGO;1607
1991;SALARA;ROVIGO;64
1991;SAN BELLINO;ROVIGO;49
1991;SAN MARTINO DI VENEZZE;ROVIGO;177
1991;STIENTA;ROVIGO;132
1991;TAGLIO DI PO;ROVIGO;332
1991;TRECENTA;ROVIGO;129
1991;VILLADOSE;ROVIGO;185
1991;VILLAMARZANA;ROVIGO;56
1991;VILLANOVA DEL GHEBBO;ROVIGO;48
1991;VILLANOVA MARCHESANA;ROVIGO;128
2001;AFFI;VERONA;79
2001;ALBAREDO D'ADIGE;VERONA;89
2001;ANGIARI;VERONA;70
2001;ARCOLE;VERONA;43
2001;BADIA CALAVENA;VERONA;801
2001;BARDOLINO;VERONA;3299
2001;BELFIORE;VERONA;60
2001;BEVILACQUA;VERONA;48
2001;BONAVIGO;VERONA;58
2001;BOSCHI SANT'ANNA;VERONA;24
2001;BOSCO CHIESANUOVA;VERONA;2932
2001;BOVOLONE;VERONA;300
2001;BRENTINO BELLUNO;VERONA;164
2001;BRENZONE;VERONA;1765
2001;BUSSOLENGO;VERONA;554
2001;BUTTAPIETRA;VERONA;187
2001;CALDIERO;VERONA;73
2001;CAPRINO VERONESE;VERONA;759
2001;CASALEONE;VERONA;88
2001;CASTAGNARO;VERONA;63
2001;CASTEL D'AZZANO;VERONA;180
2001;CASTELNUOVO DEL GARDA;VERONA;519
2001;CAVAION VERONESE;VERONA;574
2001;CAZZANO DI TRAMIGNA;VERONA;187
2001;CEREA;VERONA;435
2001;CERRO VERONESE;VERONA;867
2001;COLOGNA VENETA;VERONA;368
2001;COLOGNOLA AI COLLI;VERONA;174
2001;CONCAMARISE;VERONA;29
2001;COSTERMANO SUL GARDA;VERONA;1397
2001;DOLCE';VERONA;175
2001;ERBE';VERONA;67
2001;ERBEZZO;VERONA;627
2001;FERRARA DI MONTE BALDO;VERONA;534
2001;FUMANE;VERONA;471
2001;GARDA;VERONA;2082
2001;GAZZO VERONESE;VERONA;118
2001;GREZZANA;VERONA;622
2001;ILLASI;VERONA;266
2001;ISOLA DELLA SCALA;VERONA;190
2001;ISOLA RIZZA;VERONA;111
2001;LAVAGNO;VERONA;144
2001;LAZISE;VERONA;2441
2001;LEGNAGO;VERONA;1022
2001;MALCESINE;VERONA;1608
2001;MARANO DI VALPOLICELLA;VERONA;174
2001;MEZZANE DI SOTTO;VERONA;147
2001;MINERBE;VERONA;107
2001;MONTECCHIA DI CROSARA;VERONA;420
2001;MONTEFORTE D'ALPONE;VERONA;295
2001;MOZZECANE;VERONA;181
2001;NEGRAR;VERONA;503
2001;NOGARA;VERONA;317
2001;NOGAROLE ROCCA;VERONA;151
2001;OPPEANO;VERONA;90
2001;PALU';VERONA;27
2001;PASTRENGO;VERONA;162
2001;PESCANTINA;VERONA;453
2001;PESCHIERA DEL GARDA;VERONA;1896
2001;POVEGLIANO VERONESE;VERONA;101
2001;PRESSANA;VERONA;52
2001;RIVOLI VERONESE;VERONA;154
2001;RONCA';VERONA;112
2001;RONCO ALL'ADIGE;VERONA;216
2001;ROVERCHIARA;VERONA;151
2001;ROVEREDO DI GUA';VERONA;25
2001;ROVERE' VERONESE;VERONA;732
2001;SALIZZOLE;VERONA;131
2001;SAN BONIFACIO;VERONA;593
2001;SAN GIOVANNI ILARIONE;VERONA;286
2001;SAN GIOVANNI LUPATOTO;VERONA;466
2001;SANGUINETTO;VERONA;172
2001;SAN MARTINO BUON ALBERGO;VERONA;400
2001;SAN MAURO DI SALINE;VERONA;338
2001;SAN PIETRO DI MORUBIO;VERONA;90
2001;SAN PIETRO IN CARIANO;VERONA;347
2001;SANT'AMBROGIO DI VALPOLICELLA;VERONA;182
2001;SANT'ANNA D'ALFAEDO;VERONA;560
2001;SAN ZENO DI MONTAGNA;VERONA;1356
2001;SELVA DI PROGNO;VERONA;710
2001;SOAVE;VERONA;160
2001;SOMMACAMPAGNA;VERONA;416
2001;SONA;VERONA;256
2001;SORGA';VERONA;64
2001;TERRAZZO;VERONA;218
2001;TORRI DEL BENACO;VERONA;2416
2001;TREGNAGO;VERONA;387
2001;TREVENZUOLO;VERONA;28
2001;VALEGGIO SUL MINCIO;VERONA;590
2001;VELO VERONESE;VERONA;400
2001;VERONA;VERONA;8345
2001;VERONELLA;VERONA;150
2001;VESTENANOVA;VERONA;500
2001;VIGASIO;VERONA;221
2001;VILLA BARTOLOMEA;VERONA;183
2001;VILLAFRANCA DI VERONA;VERONA;642
2001;ZEVIO;VERONA;316
2001;ZIMELLA;VERONA;101
2001;AGUGLIARO;VICENZA;48
2001;ALBETTONE;VICENZA;26
2001;ALONTE;VICENZA;74
2001;ALTAVILLA VICENTINA;VICENZA;308
2001;ALTISSIMO;VICENZA;270
2001;ARCUGNANO;VICENZA;264
2001;ARSIERO;VICENZA;396
2001;ARZIGNANO;VICENZA;843
2001;ASIAGO;VICENZA;4294
2001;ASIGLIANO VENETO;VICENZA;34
2001;BARBARANO VICENTINO;VICENZA;157
2001;BASSANO DEL GRAPPA;VICENZA;2336
2001;BOLZANO VICENTINO;VICENZA;268
2001;BREGANZE;VICENZA;257
2001;BRENDOLA;VICENZA;237
2001;BRESSANVIDO;VICENZA;60
2001;BROGLIANO;VICENZA;178
2001;CALDOGNO;VICENZA;192
2001;CALTRANO;VICENZA;147
2001;CALVENE;VICENZA;166
2001;CAMISANO VICENTINO;VICENZA;330
2001;CAMPIGLIA DEI BERICI;VICENZA;37
2001;CAMPOLONGO SUL BRENTA;VICENZA;139
2001;CARRE';VICENZA;56
2001;CARTIGLIANO;VICENZA;99
2001;CASSOLA;VICENZA;341
2001;CASTEGNERO;VICENZA;151
2001;CASTELGOMBERTO;VICENZA;142
2001;CHIAMPO;VICENZA;362
2001;CHIUPPANO;VICENZA;47
2001;CISMON DEL GRAPPA;VICENZA;517
2001;COGOLLO DEL CENGIO;VICENZA;478
2001;CONCO;VICENZA;1648
2001;CORNEDO VICENTINO;VICENZA;301
2001;COSTABISSARA;VICENZA;136
2001;CREAZZO;VICENZA;278
2001;CRESPADORO;VICENZA;597
2001;DUEVILLE;VICENZA;192
2001;ENEGO;VICENZA;1852
2001;FARA VICENTINO;VICENZA;146
2001;FOZA;VICENZA;480
2001;GALLIO;VICENZA;4177
2001;GAMBELLARA;VICENZA;208
2001;GAMBUGLIANO;VICENZA;64
2001;GRANCONA;VICENZA;108
2001;GRISIGNANO DI ZOCCO;VICENZA;305
2001;GRUMOLO DELLE ABBADESSE;VICENZA;68
2001;ISOLA VICENTINA;VICENZA;246
2001;LAGHI;VICENZA;199
2001;LASTEBASSE;VICENZA;158
2001;LONGARE;VICENZA;189
2001;LONIGO;VICENZA;425
2001;LUGO DI VICENZA;VICENZA;156
2001;LUSIANA;VICENZA;1158
2001;MALO;VICENZA;287
2001;MARANO VICENTINO;VICENZA;203
2001;MAROSTICA;VICENZA;571
2001;MASON VICENTINO;VICENZA;9
2001;MOLVENA;VICENZA;79
2001;MONTEBELLO VICENTINO;VICENZA;162
2001;MONTECCHIO MAGGIORE;VICENZA;366
2001;MONTECCHIO PRECALCINO;VICENZA;54
2001;MONTE DI MALO;VICENZA;155
2001;MONTEGALDA;VICENZA;169
2001;MONTEGALDELLA;VICENZA;117
2001;MONTEVIALE;VICENZA;97
2001;MONTICELLO CONTE OTTO;VICENZA;177
2001;MONTORSO VICENTINO;VICENZA;157
2001;MOSSANO;VICENZA;64
2001;MUSSOLENTE;VICENZA;295
2001;NANTO;VICENZA;113
2001;NOGAROLE VICENTINO;VICENZA;140
2001;NOVE;VICENZA;102
2001;NOVENTA VICENTINA;VICENZA;210
2001;ORGIANO;VICENZA;183
2001;PEDEMONTE;VICENZA;119
2001;PIANEZZE;VICENZA;4
2001;PIOVENE ROCCHETTE;VICENZA;393
2001;POIANA MAGGIORE;VICENZA;192
2001;POSINA;VICENZA;580
2001;POVE DEL GRAPPA;VICENZA;275
2001;POZZOLEONE;VICENZA;56
2001;QUINTO VICENTINO;VICENZA;152
2001;RECOARO TERME;VICENZA;1078
2001;ROANA;VICENZA;5846
2001;ROMANO D'EZZELINO;VICENZA;574
2001;ROSA';VICENZA;366
2001;ROSSANO VENETO;VICENZA;95
2001;ROTZO;VICENZA;629
2001;SALCEDO;VICENZA;143
2001;SANDRIGO;VICENZA;156
2001;SAN GERMANO DEI BERICI;VICENZA;97
2001;SAN NAZARIO;VICENZA;391
2001;SAN PIETRO MUSSOLINO;VICENZA;33
2001;SANTORSO;VICENZA;149
2001;SAN VITO DI LEGUZZANO;VICENZA;96
2001;SARCEDO;VICENZA;132
2001;SAREGO;VICENZA;116
2001;SCHIAVON;VICENZA;58
2001;SCHIO;VICENZA;1707
2001;SOLAGNA;VICENZA;605
2001;SOSSANO;VICENZA;225
2001;SOVIZZO;VICENZA;94
2001;TEZZE SUL BRENTA;VICENZA;205
2001;THIENE;VICENZA;745
2001;TONEZZA DEL CIMONE;VICENZA;1790
2001;TORREBELVICINO;VICENZA;160
2001;TORRI DI QUARTESOLO;VICENZA;341
2001;TRISSINO;VICENZA;245
2001;VALDAGNO;VICENZA;1433
2001;VALDASTICO;VICENZA;362
2001;VALLI DEL PASUBIO;VICENZA;566
2001;VALSTAGNA;VICENZA;418
2001;VELO D'ASTICO;VICENZA;338
2001;VICENZA;VICENZA;5754
2001;VILLAGA;VICENZA;122
2001;VILLAVERLA;VICENZA;186
2001;ZANE';VICENZA;178
2001;ZERMEGHEDO;VICENZA;4
2001;ZOVENCEDO;VICENZA;124
2001;ZUGLIANO;VICENZA;188
2001;AGORDO;BELLUNO;692
2001;ALANO DI PIAVE;BELLUNO;382
2001;ALLEGHE;BELLUNO;925
2001;ARSIE';BELLUNO;1233
2001;AURONZO DI CADORE;BELLUNO;2621
2001;BELLUNO;BELLUNO;2420
2001;BORCA DI CADORE;BELLUNO;671
2001;CALALZO DI CADORE;BELLUNO;563
2001;CASTELLO LAVAZZO;BELLUNO;232
2001;CENCENIGHE AGORDINO;BELLUNO;459
2001;CESIOMAGGIORE;BELLUNO;416
2001;CHIES D'ALPAGO;BELLUNO;321
2001;CIBIANA DI CADORE;BELLUNO;401
2001;COLLE SANTA LUCIA;BELLUNO;344
2001;COMELICO SUPERIORE;BELLUNO;935
2001;CORTINA D'AMPEZZO;BELLUNO;3957
2001;DANTA DI CADORE;BELLUNO;192
2001;DOMEGGE DI CADORE;BELLUNO;411
2001;FALCADE;BELLUNO;1923
2001;FARRA D'ALPAGO;BELLUNO;443
2001;FELTRE;BELLUNO;1137
2001;FONZASO;BELLUNO;401
2001;CANALE D'AGORDO;BELLUNO;747
2001;FORNO DI ZOLDO;BELLUNO;1023
2001;GOSALDO;BELLUNO;653
2001;LAMON;BELLUNO;1155
2001;LA VALLE AGORDINA;BELLUNO;314
2001;LENTIAI;BELLUNO;281
2001;LIMANA;BELLUNO;381
2001;LIVINALLONGO DEL COL DI LANA;BELLUNO;376
2001;LONGARONE;BELLUNO;351
2001;LORENZAGO DI CADORE;BELLUNO;458
2001;LOZZO DI CADORE;BELLUNO;286
2001;MEL;BELLUNO;402
2001;OSPITALE DI CADORE;BELLUNO;105
2001;PEDAVENA;BELLUNO;531
2001;PERAROLO DI CADORE;BELLUNO;212
2001;PIEVE D'ALPAGO;BELLUNO;468
2001;PIEVE DI CADORE;BELLUNO;1295
2001;PONTE NELLE ALPI;BELLUNO;617
2001;PUOS D'ALPAGO;BELLUNO;153
2001;QUERO;BELLUNO;303
2001;RIVAMONTE AGORDINO;BELLUNO;343
2001;ROCCA PIETORE;BELLUNO;1238
2001;SAN GREGORIO NELLE ALPI;BELLUNO;320
2001;SAN NICOLO' DI COMELICO;BELLUNO;212
2001;SAN PIETRO DI CADORE;BELLUNO;510
2001;SANTA GIUSTINA;BELLUNO;533
2001;SAN TOMASO AGORDINO;BELLUNO;461
2001;SANTO STEFANO DI CADORE;BELLUNO;716
2001;SAN VITO DI CADORE;BELLUNO;1700
2001;SAPPADA;BELLUNO;1594
2001;SEDICO;BELLUNO;417
2001;SELVA DI CADORE;BELLUNO;877
2001;SEREN DEL GRAPPA;BELLUNO;479
2001;SOSPIROLO;BELLUNO;284
2001;SOVERZENE;BELLUNO;24
2001;SOVRAMONTE;BELLUNO;735
2001;TAIBON AGORDINO;BELLUNO;385
2001;TAMBRE;BELLUNO;895
2001;TRICHIANA;BELLUNO;606
2001;VALLADA AGORDINA;BELLUNO;490
2001;VALLE DI CADORE;BELLUNO;809
2001;VAS;BELLUNO;133
2001;VIGO DI CADORE;BELLUNO;986
2001;VODO CADORE;BELLUNO;427
2001;VOLTAGO AGORDINO;BELLUNO;504
2001;ZOLDO ALTO;BELLUNO;1131
2001;ZOPPE' DI CADORE;BELLUNO;116
2001;ALTIVOLE;TREVISO;173
2001;ARCADE;TREVISO;108
2001;ASOLO;TREVISO;375
2001;BORSO DEL GRAPPA;TREVISO;363
2001;BREDA DI PIAVE;TREVISO;108
2001;CAERANO DI SAN MARCO;TREVISO;291
2001;CAPPELLA MAGGIORE;TREVISO;209
2001;CARBONERA;TREVISO;399
2001;CASALE SUL SILE;TREVISO;439
2001;CASIER;TREVISO;350
2001;CASTELCUCCO;TREVISO;164
2001;CASTELFRANCO VENETO;TREVISO;1168
2001;CASTELLO DI GODEGO;TREVISO;111
2001;CAVASO DEL TOMBA;TREVISO;354
2001;CESSALTO;TREVISO;68
2001;CHIARANO;TREVISO;99
2001;CIMADOLMO;TREVISO;114
2001;CISON DI VALMARINO;TREVISO;460
2001;CODOGNE';TREVISO;196
2001;COLLE UMBERTO;TREVISO;193
2001;CONEGLIANO;TREVISO;1169
2001;CORDIGNANO;TREVISO;281
2001;CORNUDA;TREVISO;214
2001;CRESPANO DEL GRAPPA;TREVISO;262
2001;CROCETTA DEL MONTELLO;TREVISO;331
2001;FARRA DI SOLIGO;TREVISO;436
2001;FOLLINA;TREVISO;282
2001;FONTANELLE;TREVISO;179
2001;FONTE;TREVISO;233
2001;FREGONA;TREVISO;551
2001;GAIARINE;TREVISO;374
2001;GIAVERA DEL MONTELLO;TREVISO;359
2001;GODEGA DI SANT'URBANO;TREVISO;150
2001;GORGO AL MONTICANO;TREVISO;72
2001;ISTRANA;TREVISO;167
2001;LORIA;TREVISO;246
2001;MANSUE';TREVISO;182
2001;MARENO DI PIAVE;TREVISO;211
2001;MASER;TREVISO;197
2001;MASERADA SUL PIAVE;TREVISO;162
2001;MEDUNA DI LIVENZA;TREVISO;81
2001;MIANE;TREVISO;483
2001;MOGLIANO VENETO;TREVISO;480
2001;MONASTIER DI TREVISO;TREVISO;130
2001;MONFUMO;TREVISO;96
2001;MONTEBELLUNA;TREVISO;1228
2001;MORGANO;TREVISO;205
2001;MORIAGO DELLA BATTAGLIA;TREVISO;211
2001;MOTTA DI LIVENZA;TREVISO;235
2001;NERVESA DELLA BATTAGLIA;TREVISO;362
2001;ODERZO;TREVISO;616
2001;ORMELLE;TREVISO;165
2001;ORSAGO;TREVISO;157
2001;PADERNO DEL GRAPPA;TREVISO;211
2001;PAESE;TREVISO;137
2001;PEDEROBBA;TREVISO;412
2001;PIEVE DI SOLIGO;TREVISO;528
2001;PONTE DI PIAVE;TREVISO;190
2001;PONZANO VENETO;TREVISO;393
2001;PORTOBUFFOLE';TREVISO;57
2001;POSSAGNO;TREVISO;181
2001;POVEGLIANO;TREVISO;112
2001;PREGANZIOL;TREVISO;399
2001;QUINTO DI TREVISO;TREVISO;99
2001;REFRONTOLO;TREVISO;168
2001;RESANA;TREVISO;200
2001;REVINE LAGO;TREVISO;435
2001;RIESE PIO X;TREVISO;333
2001;RONCADE;TREVISO;178
2001;SALGAREDA;TREVISO;399
2001;SAN BIAGIO DI CALLALTA;TREVISO;353
2001;SAN FIOR;TREVISO;278
2001;SAN PIETRO DI FELETTO;TREVISO;241
2001;SAN POLO DI PIAVE;TREVISO;212
2001;SANTA LUCIA DI PIAVE;TREVISO;272
2001;SAN VENDEMIANO;TREVISO;522
2001;SAN ZENONE DEGLI EZZELINI;TREVISO;121
2001;SARMEDE;TREVISO;480
2001;SEGUSINO;TREVISO;526
2001;SERNAGLIA DELLA BATTAGLIA;TREVISO;293
2001;SILEA;TREVISO;180
2001;SPRESIANO;TREVISO;291
2001;SUSEGANA;TREVISO;250
2001;TARZO;TREVISO;468
2001;TREVIGNANO;TREVISO;190
2001;TREVISO;TREVISO;3052
2001;VALDOBBIADENE;TREVISO;1328
2001;VAZZOLA;TREVISO;182
2001;VEDELAGO;TREVISO;504
2001;VIDOR;TREVISO;192
2001;VILLORBA;TREVISO;444
2001;VITTORIO VENETO;TREVISO;1366
2001;VOLPAGO DEL MONTELLO;TREVISO;336
2001;ZENSON DI PIAVE;TREVISO;108
2001;ZERO BRANCO;TREVISO;211
2001;ANNONE VENETO;CITTA' METROPOLITANA DI VENEZIA;258
2001;CAMPAGNA LUPIA;CITTA' METROPOLITANA DI VENEZIA;206
2001;CAMPOLONGO MAGGIORE;CITTA' METROPOLITANA DI VENEZIA;164
2001;CAMPONOGARA;CITTA' METROPOLITANA DI VENEZIA;175
2001;CAORLE;CITTA' METROPOLITANA DI VENEZIA;11764
2001;CAVARZERE;CITTA' METROPOLITANA DI VENEZIA;837
2001;CEGGIA;CITTA' METROPOLITANA DI VENEZIA;223
2001;CHIOGGIA;CITTA' METROPOLITANA DI VENEZIA;4970
2001;CINTO CAOMAGGIORE;CITTA' METROPOLITANA DI VENEZIA;175
2001;CONA;CITTA' METROPOLITANA DI VENEZIA;102
2001;CONCORDIA SAGITTARIA;CITTA' METROPOLITANA DI VENEZIA;253
2001;DOLO;CITTA' METROPOLITANA DI VENEZIA;544
2001;ERACLEA;CITTA' METROPOLITANA DI VENEZIA;3169
2001;FIESSO D'ARTICO;CITTA' METROPOLITANA DI VENEZIA;388
2001;FOSSALTA DI PIAVE;CITTA' METROPOLITANA DI VENEZIA;174
2001;FOSSALTA DI PORTOGRUARO;CITTA' METROPOLITANA DI VENEZIA;235
2001;FOSSO';CITTA' METROPOLITANA DI VENEZIA;122
2001;GRUARO;CITTA' METROPOLITANA DI VENEZIA;105
2001;IESOLO;CITTA' METROPOLITANA DI VENEZIA;14086
2001;MARCON;CITTA' METROPOLITANA DI VENEZIA;282
2001;MARTELLAGO;CITTA' METROPOLITANA DI VENEZIA;367
2001;MEOLO;CITTA' METROPOLITANA DI VENEZIA;188
2001;MIRA;CITTA' METROPOLITANA DI VENEZIA;764
2001;MIRANO;CITTA' METROPOLITANA DI VENEZIA;689
2001;MUSILE DI PIAVE;CITTA' METROPOLITANA DI VENEZIA;281
2001;NOALE;CITTA' METROPOLITANA DI VENEZIA;197
2001;NOVENTA DI PIAVE;CITTA' METROPOLITANA DI VENEZIA;193
2001;PIANIGA;CITTA' METROPOLITANA DI VENEZIA;164
2001;PORTOGRUARO;CITTA' METROPOLITANA DI VENEZIA;782
2001;PRAMAGGIORE;CITTA' METROPOLITANA DI VENEZIA;241
2001;QUARTO D'ALTINO;CITTA' METROPOLITANA DI VENEZIA;333
2001;SALZANO;CITTA' METROPOLITANA DI VENEZIA;306
2001;SAN DONA' DI PIAVE;CITTA' METROPOLITANA DI VENEZIA;955
2001;SAN MICHELE AL TAGLIAMENTO;CITTA' METROPOLITANA DI VENEZIA;21127
2001;SANTA MARIA DI SALA;CITTA' METROPOLITANA DI VENEZIA;194
2001;SANTO STINO DI LIVENZA;CITTA' METROPOLITANA DI VENEZIA;384
2001;SCORZE';CITTA' METROPOLITANA DI VENEZIA;461
2001;SPINEA;CITTA' METROPOLITANA DI VENEZIA;544
2001;STRA;CITTA' METROPOLITANA DI VENEZIA;207
2001;TEGLIO VENETO;CITTA' METROPOLITANA DI VENEZIA;138
2001;TORRE DI MOSTO;CITTA' METROPOLITANA DI VENEZIA;225
2001;VENEZIA;CITTA' METROPOLITANA DI VENEZIA;12189
2001;VENEZIA;CITTA' METROPOLITANA DI VENEZIA;12189
2001;VIGONOVO;CITTA' METROPOLITANA DI VENEZIA;192
2001;CAVALLINO TREPORTI;CITTA' METROPOLITANA DI VENEZIA;987
2001;ABANO TERME;PADOVA;510
2001;AGNA;PADOVA;196
2001;ALBIGNASEGO;PADOVA;340
2001;ANGUILLARA VENETA;PADOVA;183
2001;ARQUA' PETRARCA;PADOVA;110
2001;ARRE;PADOVA;135
2001;ARZERGRANDE;PADOVA;65
2001;BAGNOLI DI SOPRA;PADOVA;199
2001;BAONE;PADOVA;115
2001;BARBONA;PADOVA;12
2001;BATTAGLIA TERME;PADOVA;113
2001;BOARA PISANI;PADOVA;137
2001;BORGORICCO;PADOVA;191
2001;BOVOLENTA;PADOVA;98
2001;BRUGINE;PADOVA;200
2001;CADONEGHE;PADOVA;314
2001;CAMPODARSEGO;PADOVA;300
2001;CAMPODORO;PADOVA;23
2001;CAMPOSAMPIERO;PADOVA;438
2001;CAMPO SAN MARTINO;PADOVA;121
2001;CANDIANA;PADOVA;91
2001;CARCERI;PADOVA;66
2001;CARMIGNANO DI BRENTA;PADOVA;59
2001;CARTURA;PADOVA;201
2001;CASALE DI SCODOSIA;PADOVA;128
2001;CASALSERUGO;PADOVA;89
2001;CASTELBALDO;PADOVA;79
2001;CERVARESE SANTA CROCE;PADOVA;77
2001;CINTO EUGANEO;PADOVA;210
2001;CITTADELLA;PADOVA;695
2001;CODEVIGO;PADOVA;225
2001;CONSELVE;PADOVA;239
2001;CORREZZOLA;PADOVA;65
2001;CURTAROLO;PADOVA;188
2001;ESTE;PADOVA;606
2001;FONTANIVA;PADOVA;112
2001;GALLIERA VENETA;PADOVA;164
2001;GALZIGNANO TERME;PADOVA;169
2001;GAZZO;PADOVA;52
2001;GRANTORTO;PADOVA;106
2001;GRANZE;PADOVA;66
2001;LEGNARO;PADOVA;185
2001;LIMENA;PADOVA;188
2001;LOREGGIA;PADOVA;220
2001;LOZZO ATESTINO;PADOVA;144
2001;MASERA' DI PADOVA;PADOVA;106
2001;MASI;PADOVA;132
2001;MASSANZAGO;PADOVA;112
2001;MEGLIADINO SAN FIDENZIO;PADOVA;100
2001;MEGLIADINO SAN VITALE;PADOVA;213
2001;MERLARA;PADOVA;169
2001;MESTRINO;PADOVA;191
2001;MONSELICE;PADOVA;482
2001;MONTAGNANA;PADOVA;559
2001;MONTEGROTTO TERME;PADOVA;329
2001;NOVENTA PADOVANA;PADOVA;192
2001;OSPEDALETTO EUGANEO;PADOVA;277
2001;PADOVA;PADOVA;8664
2001;PERNUMIA;PADOVA;152
2001;PIACENZA D'ADIGE;PADOVA;127
2001;PIAZZOLA SUL BRENTA;PADOVA;328
2001;PIOMBINO DESE;PADOVA;267
2001;PIOVE DI SACCO;PADOVA;523
2001;POLVERARA;PADOVA;50
2001;PONSO;PADOVA;143
2001;PONTELONGO;PADOVA;104
2001;PONTE SAN NICOLO';PADOVA;264
2001;POZZONOVO;PADOVA;40
2001;ROVOLON;PADOVA;260
2001;RUBANO;PADOVA;252
2001;SACCOLONGO;PADOVA;109
2001;SALETTO;PADOVA;208
2001;SAN GIORGIO DELLE PERTICHE;PADOVA;261
2001;SAN GIORGIO IN BOSCO;PADOVA;173
2001;SAN MARTINO DI LUPARI;PADOVA;461
2001;SAN PIETRO IN GU;PADOVA;109
2001;SAN PIETRO VIMINARIO;PADOVA;96
2001;SANTA GIUSTINA IN COLLE;PADOVA;186
2001;SANTA MARGHERITA D'ADIGE;PADOVA;144
2001;SANT'ANGELO DI PIOVE DI SACCO;PADOVA;148
2001;SANT'ELENA;PADOVA;69
2001;SANT'URBANO;PADOVA;29
2001;SAONARA;PADOVA;244
2001;SELVAZZANO DENTRO;PADOVA;431
2001;SOLESINO;PADOVA;211
2001;STANGHELLA;PADOVA;230
2001;TEOLO;PADOVA;267
2001;TERRASSA PADOVANA;PADOVA;57
2001;TOMBOLO;PADOVA;201
2001;TORREGLIA;PADOVA;295
2001;TREBASELEGHE;PADOVA;366
2001;TRIBANO;PADOVA;196
2001;URBANA;PADOVA;57
2001;VEGGIANO;PADOVA;86
2001;VESCOVANA;PADOVA;68
2001;VIGHIZZOLO D'ESTE;PADOVA;15
2001;VIGODARZERE;PADOVA;275
2001;VIGONZA;PADOVA;211
2001;VILLA DEL CONTE;PADOVA;82
2001;VILLA ESTENSE;PADOVA;130
2001;VILLAFRANCA PADOVANA;PADOVA;163
2001;VILLANOVA DI CAMPOSAMPIERO;PADOVA;70
2001;VO;PADOVA;105
2001;DUE CARRARE;PADOVA;251
2001;ADRIA;ROVIGO;1072
2001;ARIANO NEL POLESINE;ROVIGO;337
2001;ARQUA' POLESINE;ROVIGO;75
2001;BADIA POLESINE;ROVIGO;506
2001;BAGNOLO DI PO;ROVIGO;119
2001;BERGANTINO;ROVIGO;94
2001;BOSARO;ROVIGO;86
2001;CALTO;ROVIGO;60
2001;CANARO;ROVIGO;167
2001;CANDA;ROVIGO;51
2001;CASTELGUGLIELMO;ROVIGO;105
2001;CASTELMASSA;ROVIGO;242
2001;CASTELNOVO BARIANO;ROVIGO;224
2001;CENESELLI;ROVIGO;123
2001;CEREGNANO;ROVIGO;159
2001;CORBOLA;ROVIGO;175
2001;COSTA DI ROVIGO;ROVIGO;118
2001;CRESPINO;ROVIGO;153
2001;FICAROLO;ROVIGO;138
2001;FIESSO UMBERTIANO;ROVIGO;89
2001;FRASSINELLE POLESINE;ROVIGO;83
2001;FRATTA POLESINE;ROVIGO;105
2001;GAVELLO;ROVIGO;49
2001;GIACCIANO CON BARUCHELLA;ROVIGO;167
2001;GUARDA VENETA;ROVIGO;83
2001;LENDINARA;ROVIGO;487
2001;LOREO;ROVIGO;218
2001;LUSIA;ROVIGO;71
2001;MELARA;ROVIGO;104
2001;OCCHIOBELLO;ROVIGO;333
2001;PAPOZZE;ROVIGO;146
2001;PETTORAZZA GRIMANI;ROVIGO;42
2001;PINCARA;ROVIGO;81
2001;POLESELLA;ROVIGO;129
2001;PONTECCHIO POLESINE;ROVIGO;129
2001;PORTO TOLLE;ROVIGO;339
2001;ROSOLINA;ROVIGO;5778
2001;ROVIGO;ROVIGO;1667
2001;SALARA;ROVIGO;108
2001;SAN BELLINO;ROVIGO;27
2001;SAN MARTINO DI VENEZZE;ROVIGO;116
2001;STIENTA;ROVIGO;183
2001;TAGLIO DI PO;ROVIGO;528
2001;TRECENTA;ROVIGO;189
2001;VILLADOSE;ROVIGO;246
2001;VILLAMARZANA;ROVIGO;59
2001;VILLANOVA DEL GHEBBO;ROVIGO;85
2001;VILLANOVA MARCHESANA;ROVIGO;133
2001;PORTO VIRO;ROVIGO;748
